{
    "Russia": 86607759.54768518,
    "United States": 135304859.24468282,
    "United Kingdom": 142294661.30655888,
    "Canada": 145526531.9039953,
    "France": 85354665.01467071,
    "Ireland": 74686468.49305555,
    "Japan": 195999289.82981825,
    "South Korea": 71288878.6339699,
    "Finland": 83499876.24795751,
    "Norway": 92867009.72453703,
    "Denmark": 109484016.85047743,
    "Sweden": 66921493.96981837,
    "Netherlands": 109437387.78973764,
    "Spain": 88310480.53198099,
    "Estonia": 102089779.18460648,
    "Slovenia": 111310067.20138888,
    "Belgium": 54839977.70349326,
    "China": 189158183.03955856,
    "Croatia": 130866563.63194443,
    "Australia": 161122813.35610703,
    "Italy": 74579506.45358796,
    "Switzerland": 103395569.47197421,
    "Thailand": 160450846.28973764,
    "Germany": 97029631.20419471,
    "Poland": 67567098.4643308,
    "Chile": 97027659.58680555,
    "Romania": 106182351.80109127,
    "India": 139312393.00581828,
    "Hungary": 142075047.01345485,
    "Mexico": 117677840.50538194,
    "Singapore": 117588183.40084876,
    "Czech Republic": 79864344.05787036,
    "New Zealand": 147697785.65210572,
    "Greece": 103534426.10127313,
    "West Germany": 60721910.14614899,
    "Latvia": 111246039.11047979,
    "Yugoslavia": 111718096.65593433,
    "Iceland": 169462916.12307099,
    "Panama": 127030831.60127313,
    "Austria": 86513156.34768517,
    "South Africa": 100379337.14768519,
    "Brazil": 98059491.54207516,
    "Qatar": 106497379.0179398,
    "Cambodia": 103941465.43460648,
    "Bangladesh": 113349414.74684343,
    "Aruba": 113349414.74684343,
    "Taiwan": 141872081.01435184,
    "Hong Kong": 164344050.7071759,
    "Soviet Union": 103719389.18460648,
    "Morocco": 151119548.0934829,
    "Indonesia": 102404319.2679398,
    "Kenya": 111647773.38320707,
    "Jordan": 154895576.10127315,
    "United Arab Emirates": 89080361.58680555,
    "Saudi Arabia": 98868524.63194443,
    "Ghana": 111647773.38320707,
    "Egypt": 111647773.38320707,
    "Malta": 145627277.08680555,
    "Bulgaria": 90286115.63845485,
    "Luxembourg": 90698861.08101851,
    "Argentina": 130869220.51537697,
    "Portugal": 116251304.74684343,
    "Peru": 106780604.10127313,
    "Iran": 111330272.38320707,
    "Turkey": 113946737.0195707,
    "Slovakia": 106636374.85127313,
    "Serbia": 111466762.56502524,
    "Occupied Palestinian Territory": 102156165.43460648,
    "Algeria": 111332824.11047979,
    "Ukraine": 101979914.93460648,
    "Serbia and Montenegro": 121246566.38320707,
    "Vietnam": 111286644.20138888,
    "Iraq": 156589107.29229796,
    "Puerto Rico": 118019513.56502524,
    "Colombia": 111523554.83775252,
    "Israel": 112261675.9286616,
    "Philippines": 116729990.56502524,
    "Malaysia": 111303312.11047979
}