{
    "Russia": 76461011.75122549,
    "United States": 132757926.2869812,
    "Canada": 151042982.71006945,
    "United Kingdom": 134857973.79877028,
    "China": 183002474.4485063,
    "France": 89208874.20651567,
    "Ireland": 74528741.83187984,
    "South Korea": 84041840.94878472,
    "New Zealand": 177668322.61090684,
    "Japan": 176510398.4809982,
    "Finland": 82756519.04534313,
    "Norway": 96668619.93854167,
    "India": 147003017.5949074,
    "Mexico": 74251045.61542793,
    "Hong Kong": 177886843.85416666,
    "United Arab Emirates": 95397956.98237179,
    "Germany": 102225633.09217767,
    "South Africa": 99413468.67317708,
    "Denmark": 88651779.25902776,
    "Sweden": 62558904.09895833,
    "Netherlands": 102497424.93854167,
    "Spain": 98284256.76488094,
    "Estonia": 110161242.43371211,
    "Slovenia": 110161242.43371211,
    "Belgium": 48842942.917200856,
    "Austria": 91812505.85138889,
    "Italy": 64321407.351142466,
    "Croatia": 140285496.14756945,
    "Switzerland": 108249494.33733973,
    "Thailand": 157493585.2218137,
    "Poland": 69123101.84623015,
    "Chile": 84531543.67317708,
    "Romania": 107494187.21314102,
    "Australia": 127127467.29329427,
    "Hungary": 95347524.48726851,
    "Singapore": 116886123.82060185,
    "Czech Republic": 99983345.94878471,
    "Greece": 96704182.98237179,
    "West Germany": 65396313.23854166,
    "Latvia": 102574370.3142361,
    "Panama": 125977742.23090278,
    "Qatar": 115000117.07007575,
    "Malta": 197052184.7847222,
    "Syria": 110133525.16098484,
    "Jordan": 101324601.73090278,
    "Ukraine": 93194514.82852563,
    "Israel": 94478096.2900641,
    "Cambodia": 102888376.0642361,
    "Bangladesh": 102851113.98090278,
    "Aruba": 112200589.97916666,
    "Taiwan": 155186249.5208333,
    "Soviet Union": 102666299.8142361,
    "Morocco": 153378408.3142361,
    "Indonesia": 110498948.6155303,
    "Kenya": 110498948.6155303,
    "Brazil": 102784848.36067708,
    "Saudi Arabia": 90990320.3407738,
    "Ghana": 110498948.6155303,
    "Egypt": 110498948.6155303,
    "Iceland": 166721637.28063723,
    "Bulgaria": 84350283.9865196,
    "Tunisia": 110206611.6155303,
    "Cyprus": 110206611.6155303,
    "Luxembourg": 86787502.85138889,
    "Argentina": 129966572.48363094,
    "Bahamas": 166149049.34280303,
    "Portugal": 115102479.97916666,
    "Peru": 115338700.16098484,
    "Serbia": 105611932.98090278,
    "Algeria": 110183999.34280302,
    "Turkey": 112477975.79734848,
    "Lithuania": 113046566.5246212,
    "Vietnam": 110137819.43371211,
    "Iraq": 155440282.52462122,
    "Occupied Palestinian Territory": 110264247.70643939,
    "Puerto Rico": 116870688.79734848,
    "Colombia": 110374730.07007575,
    "Philippines": 115581165.79734848,
    "Malaysia": 110154487.34280302
}