{
    "United States": 131839536.35293832,
    "United Kingdom": 129065007.5569643,
    "Germany": 113585181.36888587,
    "Bulgaria": 96423466.30288461,
    "Switzerland": 134484113.99702382,
    "Panama": 125565196.828125,
    "France": 72239112.66846026,
    "Spain": 110790456.39791666,
    "Belgium": 48507767.100961536,
    "New Zealand": 162298985.44572368,
    "South Korea": 79026097.5975,
    "Japan": 173848078.8285061,
    "Mexico": 124408177.1875,
    "Australia": 156443607.83770162,
    "Singapore": 111800323.52573529,
    "India": 165172892.2984375,
    "Sweden": 70618179.82336956,
    "Canada": 158550161.38369206,
    "Ireland": 75928711.17463236,
    "China": 191750736.44328704,
    "Italy": 94284235.88977273,
    "Thailand": 159013495.5257353,
    "Denmark": 101472124.69791667,
    "Norway": 105186650.24609375,
    "Croatia": 107339154.66145833,
    "Hungary": 158419647.99702382,
    "Netherlands": 66469258.628289476,
    "Luxembourg": 88888328.63839285,
    "Hong Kong": 196270593.73641303,
    "Finland": 95456325.35267857,
    "Czech Republic": 98731874.7798913,
    "Occupied Palestinian Territory": 100690530.66145833,
    "Qatar": 105031744.24479167,
    "United Arab Emirates": 130013162.79583333,
    "West Germany": 79831294.30859375,
    "Poland": 67104471.139880955,
    "Colombia": 109924680.53977273,
    "Taiwan": 126242036.72916667,
    "Argentina": 125643429.35267857,
    "Bangladesh": 102438568.578125,
    "South Africa": 92530134.44097222,
    "Romania": 105636315.13839285,
    "Russia": 77903661.99609375,
    "Chile": 102806486.66145833,
    "Iceland": 124906637.0625,
    "Bahamas": 152413585.41145834,
    "Latvia": 102161824.91145833,
    "Brazil": 99043041.37109375,
    "Ukraine": 92813703.6875,
    "Malta": 195958852.13839287,
    "Puerto Rico": 116420639.26704545,
    "Yugoslavia": 110119222.35795455,
    "Syria": 109683475.63068181,
    "Jordan": 179268743.72916666,
    "Israel": 101007111.24479167,
    "Austria": 100894448.3798077,
    "Iran": 109731398.08522727,
    "Greece": 95569738.45673077,
    "Soviet Union": 102253754.41145833,
    "Indonesia": 100938684.49479167,
    "Serbia": 105199387.578125,
    "Malaysia": 109704437.8125,
    "Gambia": 174614163.9943182,
    "Senegal": 109698283.7215909,
    "Benin": 109698283.7215909,
    "Cambodia": 102475830.66145833,
    "Aruba": 111750540.44886364,
    "Egypt": 100888511.16145833,
    "Estonia": 100624144.41145833,
    "Slovenia": 109711192.9034091,
    "Saudi Arabia": 102008506.66145833,
    "Vietnam": 109687769.9034091,
    "Kenya": 110048899.08522727,
    "Ghana": 110048899.08522727,
    "Iraq": 154990232.9943182,
    "Morocco": 148305692.99479166,
    "Slovakia": 110344418.35795455,
    "Algeria": 128963443.078125,
    "Serbia and Montenegro": 119647692.08522727
}