{
    "United States": 134693753.87509212,
    "Japan": 196241070.20885986,
    "United Kingdom": 136431092.4031577,
    "Switzerland": 102527150.33356483,
    "Panama": 138648517.54602274,
    "India": 122460844.580125,
    "Canada": 156361711.50578305,
    "China": 174376408.46884766,
    "Malta": 206135508.41213238,
    "Germany": 103793006.78075658,
    "Turkey": 106713835.91718751,
    "South Korea": 83638018.04025,
    "Czech Republic": 108727232.63664775,
    "Australia": 155242573.59429348,
    "Mexico": 85172755.79503205,
    "Morocco": 176395206.26708335,
    "Puerto Rico": 118106439.09147729,
    "Iceland": 132038020.00034724,
    "Ireland": 67683373.27921513,
    "Hong Kong": 166583567.5295956,
    "Bahamas": 153958901.9171875,
    "France": 82006772.88488638,
    "Belgium": 44593383.97160715,
    "United Arab Emirates": 117418434.88272059,
    "Hungary": 146713676.56548914,
    "Italy": 90474203.2754529,
    "New Zealand": 191469995.853125,
    "Jordan": 183911017.00044647,
    "Gambia": 176299963.81875002,
    "Spain": 100611345.51368244,
    "Taiwan": 141935826.40041667,
    "Bulgaria": 119213804.86708334,
    "Finland": 83556122.17683825,
    "Argentina": 122347701.33375001,
    "Thailand": 169918670.0591912,
    "Greece": 97749817.84663463,
    "Luxembourg": 83671768.56289063,
    "Latvia": 111332964.63693184,
    "Denmark": 98150974.44461806,
    "Norway": 84874547.6089674,
    "Chile": 85381122.00039063,
    "Austria": 88700284.46708335,
    "South Africa": 96358293.82389706,
    "Qatar": 106577060.75052084,
    "Sweden": 59007675.233541675,
    "Poland": 71454167.90505953,
    "Saudi Arabia": 91961267.00044644,
    "Syria": 111369275.45511365,
    "Russia": 83558443.66708334,
    "Ukraine": 111369275.45511365,
    "Israel": 95523731.15432693,
    "Peru": 106860285.83385418,
    "Netherlands": 89807396.52201088,
    "Romania": 100043477.46708335,
    "Singapore": 87476131.52977942,
    "Brazil": 85703807.56289063,
    "Indonesia": 102484001.00052084,
    "Tunisia": 111442361.9096591,
    "Cyprus": 111442361.9096591,
    "Senegal": 111384083.54602274,
    "Benin": 111384083.54602274,
    "Soviet Union": 103799070.91718751,
    "Kenya": 111734698.9096591,
    "Ghana": 111734698.9096591,
    "Egypt": 102433827.66718751,
    "Occupied Palestinian Territory": 102235847.16718751,
    "Estonia": 111396992.72784092,
    "Slovenia": 111396992.72784092,
    "West Germany": 65520323.75031251,
    "Slovakia": 106716056.58385418,
    "Colombia": 111610480.36420456,
    "Croatia": 108884471.16718751,
    "Serbia": 106744704.08385418,
    "Iraq": 156676032.81875002,
    "Serbia and Montenegro": 121333491.9096591,
    "Lithuania": 114282316.81875001,
    "Bangladesh": 111332920.18238638,
    "Iran": 111417197.9096591,
    "Yugoslavia": 111805022.18238638
}