{
    "Martial Arts": 137496965.00021553,
    "Action": 207333517.3908226,
    "Comedy": 141208463.2295534,
    "Drama": 87482193.07638112,
    "Romance": 103699642.32760416,
    "Thriller": 107940216.24334198,
    "Western": 52465747.48417659,
    "Sci-Fi Epic": 329415359.8109797,
    "Superhero": 394278506.7122159,
    "Urban Adventure": 358199261.54179686,
    "Adventure": 263282441.81142992,
    "Sci-Fi": 260271548.55138513,
    "Action Epic": 327124639.13124996,
    "Costume Drama": 103117951.58350696,
    "Epic": 207680407.72228009,
    "Historical Epic": 120245624.75017363,
    "One-Person Army Action": 118276879.71446429,
    "Period Drama": 112655739.14021611,
    "Tragedy": 102325951.26671876,
    "History": 72897568.80243264,
    "Holiday Comedy": 172515897.94154415,
    "Fantasy": 239206196.07801032,
    "Holiday": 142343723.5717262,
    "Mystery": 108902205.7470256,
    "Dinosaur Adventure": 249256682.73375002,
    "Globetrotting Adventure": 313285516.89676726,
    "Dark Fantasy": 219198729.74375,
    "Supernatural Fantasy": 271129136.90920454,
    "Survival": 151189642.2106908,
    "Crime": 89093763.77378394,
    "Quest": 242658611.80962303,
    "Space Sci-Fi": 301468948.6342988,
    "War Epic": 135117085.76482844,
    "War": 85400551.18647599,
    "Conspiracy Thriller": 127206678.84639424,
    "Dystopian Sci-Fi": 215465847.81595397,
    "Gun Fu": 252499758.13375002,
    "Artificial Intelligence": 169463685.85736609,
    "Cyberpunk": 141846518.34809783,
    "Adventure Epic": 288454359.1273864,
    "Psychological Thriller": 107126628.56587172,
    "Sword & Sandal": 196157529.90505955,
    "Dark Comedy": 78866986.15452236,
    "Raunchy Comedy": 172063356.77800927,
    "Computer Animation": 355777263.63642675,
    "Teen Adventure": 333229942.3144643,
    "Animation": 251198957.49697086,
    "Family": 227519642.98835117,
    "Cop Drama": 118212079.30461958,
    "Heist": 94530945.70625001,
    "Disaster": 178989176.38125002,
    "Animal Adventure": 242005090.78134766,
    "Fantasy Epic": 278909775.2189453,
    "Political Thriller": 164345301.09553573,
    "Spy": 199975167.58359376,
    "Cyber Thriller": 91281008.71473216,
    "Alien Invasion": 195232052.48589286,
    "Kaiju": 254128705.409375,
    "Road Trip": 112431059.90342744,
    "Sword & Sorcery": 373438301.06471777,
    "Time Travel": 203346497.00025,
    "Contemporary Western": 92975182.77800928,
    "Drug Crime": 90373397.40031251,
    "Car Action": 206507741.4213816,
    "Desert Adventure": 151959016.93769532,
    "Splatter Horror": 67890822.25022322,
    "Horror": 82148967.36050145,
    "Swashbuckler": 171707369.20711207,
    "High-Concept Comedy": 182180606.35729167,
    "Quirky Comedy": 127893974.24261364,
    "Kung Fu": 178021466.07187504,
    "Docudrama": 100100030.26355577,
    "Motorsport": 176583517.54573867,
    "Biography": 72450964.29138938,
    "Sport": 71287801.23037219,
    "Monster Horror": 145990299.58990386,
    "Buddy Comedy": 172057179.80864364,
    "Slapstick": 166912065.7165112,
    "Steamy Romance": 112094263.80020835,
    "Psychological Drama": 99809537.68757813,
    "Dark Romance": 109497244.07716347,
    "Serial Killer": 93194560.64308037,
    "Supernatural Horror": 108416677.98256579,
    "Tragic Romance": 156466054.10736609,
    "Caper": 105096428.33363096,
    "Gangster": 103481110.81504631,
    "Body Horror": 77929912.61310485,
    "Folk Horror": 87822525.73375002,
    "Witch Horror": 91268295.80041668,
    "Zombie Horror": 129562610.2919271,
    "Police Procedural": 109252359.08025001,
    "Coming-of-Age": 118802946.1061553,
    "Teen Drama": 98644226.48733975,
    "Sea Adventure": 255948122.81846592,
    "Farce": 95091103.23354168,
    "Stop Motion Animation": 113056797.05031252,
    "Teen Fantasy": 350904896.4287947,
    "Erotic Thriller": 132800355.63190791,
    "Western Epic": 108335373.27291667,
    "Musical": 114527278.13729574,
    "Fairy Tale": 233906113.85732144,
    "Feel-Good Romance": 159073188.01829547,
    "Parody": 141073871.12515625,
    "Satire": 118966963.9452911,
    "Jungle Adventure": 144378213.41400865,
    "Anime": 104205588.12025002,
    "Teen Romance": 120582686.76488972,
    "Pop Musical": 149680884.64724267,
    "Showbiz Drama": 156138281.50019532,
    "Music": 78921586.92268647,
    "Teen Comedy": 93823969.08523937,
    "Shōnen": 104299619.58385418,
    "Hand-Drawn Animation": 125416672.03715278,
    "Romantic Epic": 162468209.4076389,
    "Psychological Horror": 67614837.48088942,
    "Isekai": 137010407.00056818,
    "Shōjo": 148181449.72784093,
    "Adult Animation": 96109905.75026043,
    "Jukebox Musical": 162776845.64308038,
    "Documentary": 23391749.525078125,
    "Steampunk": 118353102.88272059,
    "Body Swap Comedy": 125911743.76971155,
    "Holiday Animation": 137613791.25052086,
    "Holiday Family": 156136453.68789065,
    "Basketball": 99072818.15031251,
    "Iyashikei": 105452599.08385418,
    "Political Drama": 112254868.50020835,
    "Wuxia": 168821821.00056818,
    "Prison Drama": 90936126.09119318,
    "True Crime": 75011636.73343751,
    "Boxing": 135939394.2224537,
    "Legal Thriller": 105246898.50034723,
    "Workplace Drama": 101675100.42879465,
    "Rock Musical": 81979121.36025001,
    "Football": 93797612.93354169,
    "Baseball": 79992299.91692708,
    "Water Sport": 83320410.25039063,
    "Financial Drama": 91412253.12539063,
    "Legal Drama": 102202733.22245371,
    "B-Action": 104376729.91718751,
    "Medical Drama": 102564193.9235577,
    "Slice of Life": 123791918.27329546,
    "Whodunnit": 122166640.96319446,
    "Mountain Adventure": 110395016.23566177,
    "Classic Musical": 71742686.83359376,
    "Romantic Comedy": 113443181.19727114,
    "Cozy Mystery": 129236097.00052084,
    "Stoner Comedy": 95677158.42901787,
    "Korean Drama": 117780821.23125002,
    "Hard-boiled Detective": 106801897.2944853,
    "Suspense Mystery": 111757534.73185976,
    "Slasher Horror": 79601334.45181453,
    "Vampire Horror": 99138375.68453948,
    "Crime Documentary": 68824917.55590278,
    "Sports Documentary": 91516249.071875,
    "History Documentary": 96246033.84663463,
    "Music Documentary": 83361397.86708334,
    "Nature Documentary": 102297566.83385418,
    "Faith & Spirituality Documentary": 102310822.08385418,
    "Travel Documentary": 102535682.08385418,
    "Extreme Sport": 79903011.94154413,
    "Concert": 94722753.78616072,
    "Political Documentary": 107523959.35758929,
    "Military Documentary": 121523458.16718751,
    "Food Documentary": 96148873.9235577,
    "Bumbling Detective": 136228192.83385417,
    "Holiday Romance": 125953665.80041668,
    "Film Noir": 32976797.737006582,
    "Sketch Comedy": 105939820.66718751,
    "Classical Western": 74101236.35330883,
    "Teen Horror": 71640174.80020835,
    "Werewolf Horror": 102381932.46201923,
    "Giallo": 113419351.72784092,
    "Found Footage Horror": 111878249.84663463,
    "B-Horror": 114143251.09147729,
    "Mockumentary": 100702187.35758929,
    "Screwball Comedy": 102073822.91718751,
    "News": 47472446.34639423,
    "Science & Technology Documentary": 111355629.63693184,
    "Soccer": 107173400.50052084,
    "Talk Show": 111486863.18238638,
    "Samurai": 111711646.81875001,
    "Spaghetti Western": 89974080.50044644,
    "Buddy Cop": 131523629.54602274
}