{
    "United States": 132362120.9160188,
    "United Kingdom": 135494799.4353416,
    "Spain": 110463882.16878858,
    "Switzerland": 78043745.13375604,
    "Panama": 125921669.00636573,
    "Germany": 102085189.7507639,
    "France": 93402730.44767943,
    "New Zealand": 153480431.84613717,
    "South Korea": 80851173.00318287,
    "Japan": 199075538.0009094,
    "China": 160501665.9487086,
    "Mexico": 127905178.37361112,
    "Australia": 160306220.31867284,
    "Singapore": 122921993.94566993,
    "India": 166125625.56409144,
    "Italy": 78717534.69229797,
    "Canada": 165548304.2789645,
    "Denmark": 94676692.22827059,
    "Norway": 104951242.17091049,
    "Croatia": 129842721.2366453,
    "Hungary": 136980399.7761995,
    "Hong Kong": 132375853.92601496,
    "Luxembourg": 90700832.14831349,
    "Ireland": 70025735.67774025,
    "Netherlands": 104748665.58296783,
    "Belgium": 51726252.50212191,
    "Czech Republic": 97628762.27619949,
    "Sweden": 62636094.083055556,
    "Finland": 90329828.00509259,
    "Occupied Palestinian Territory": 110065390.91603535,
    "Qatar": 105388216.4230324,
    "United Arab Emirates": 116579250.65155229,
    "Lithuania": 112985395.73421717,
    "West Germany": 70709041.89313272,
    "Poland": 74339404.47770467,
    "Colombia": 110313559.27967171,
    "Bangladesh": 102795040.75636573,
    "Morocco": 154724693.8625992,
    "Bahamas": 152770057.58969906,
    "Latvia": 102518297.08969907,
    "Malta": 189032578.9422743,
    "Bulgaria": 111020602.4750817,
    "Thailand": 125697887.1297743,
    "Brazil": 91879831.50424382,
    "Ukraine": 93142754.92895299,
    "Tunisia": 110145440.82512626,
    "Saudi Arabia": 90942257.57688491,
    "Cyprus": 110145440.82512626,
    "Romania": 108335298.9230324,
    "Puerto Rico": 116809518.00694443,
    "Yugoslavia": 110508101.09785353,
    "Syria": 110072354.3705808,
    "Jordan": 179553921.47175926,
    "Russia": 95177783.15972222,
    "Israel": 110072354.3705808,
    "Iceland": 176121647.35743463,
    "Austria": 91767647.27175926,
    "Chile": 110143322.3705808,
    "Iran": 110120276.82512626,
    "Taiwan": 119299213.62126067,
    "Argentina": 94641167.2366453,
    "South Africa": 92651786.93402778,
    "Soviet Union": 110035733.73421717,
    "Indonesia": 101295156.6730324,
    "Serbia": 110256767.00694443,
    "Malaysia": 110093316.55239898,
    "Gambia": 175003042.73421717,
    "Greece": 110245877.55239898,
    "Cambodia": 102832302.83969907,
    "Aruba": 112139419.18876262,
    "Egypt": 101244983.33969907,
    "Philippines": 115519995.00694443,
    "Estonia": 100980616.58969907,
    "Slovenia": 110100071.64330807,
    "Vietnam": 110076648.64330807,
    "Kenya": 110437777.82512626,
    "Ghana": 110437777.82512626,
    "Iraq": 155379111.73421717,
    "Slovakia": 110733297.09785353,
    "Portugal": 115041309.18876262,
    "Serbia and Montenegro": 120036570.82512626
}