{
    "Period Drama": 110399794.89201553,
    "Biography": 74715713.11274357,
    "Drama": 88039469.62623194,
    "History": 69738739.95888047,
    "Musical": 112494537.49405514,
    "Romance": 103088094.37819628,
    "Caper": 126771092.62307099,
    "Film Noir": 35420757.349007934,
    "Action": 205598931.08348814,
    "Crime": 95763949.19317871,
    "Classical Western": 74045039.30678104,
    "Western": 48251908.48487523,
    "Coming-of-Age": 101230402.67908841,
    "Psychological Horror": 80229171.00406185,
    "Horror": 83627035.50449859,
    "Feel-Good Romance": 146040558.1675505,
    "Romantic Comedy": 121011212.72375408,
    "Time Travel": 224189486.2005876,
    "Comedy": 145251585.3150905,
    "Fantasy": 257894410.34419253,
    "Sci-Fi": 264483203.93983066,
    "Docudrama": 98813404.42613204,
    "True Crime": 79400846.59312995,
    "Thriller": 109796701.72348277,
    "Historical Epic": 117040129.25672743,
    "War Epic": 125850505.22700617,
    "War": 74174624.56034334,
    "Body Horror": 77287419.66153382,
    "Dark Comedy": 93116965.60014279,
    "Monster Horror": 116657491.5056652,
    "Tragedy": 104993442.29136209,
    "Sword & Sorcery": 404479429.47197425,
    "Teen Adventure": 364225162.75672746,
    "Teen Fantasy": 358886272.8544338,
    "Adventure": 263438112.5977579,
    "Family": 231153837.4484716,
    "Mystery": 134314646.06102833,
    "Dark Fantasy": 215753438.36226854,
    "Supernatural Horror": 108671270.14670138,
    "Suspense Mystery": 131205640.64486882,
    "Whodunnit": 124799483.40066424,
    "Space Sci-Fi": 259551966.9156145,
    "Disaster": 212645489.53406084,
    "Music": 81104726.94033706,
    "Action Epic": 330006459.2493448,
    "Alien Invasion": 201314423.72547743,
    "Sci-Fi Epic": 324335586.8918651,
    "Superhero": 394282837.75413996,
    "Slasher Horror": 88734638.77103758,
    "Martial Arts": 126673115.76604405,
    "Jukebox Musical": 100026951.80063657,
    "Psychological Thriller": 117506149.60331197,
    "Anime": 82509699.74849033,
    "One-Person Army Action": 113081280.77757937,
    "Supernatural Fantasy": 304730603.0984015,
    "Survival": 160309228.56962252,
    "Animation": 247389578.39188546,
    "Dark Romance": 97483642.93389918,
    "Psychological Drama": 106510462.60866588,
    "Steamy Romance": 103706693.20049283,
    "Teen Drama": 77661412.40040204,
    "Teen Romance": 120526418.29726702,
    "Workplace Drama": 101237899.5082799,
    "Financial Drama": 86078815.8361928,
    "Motorsport": 167421906.8839699,
    "Sport": 67877872.1395742,
    "Jungle Adventure": 182734534.43625993,
    "Epic": 203552934.20419472,
    "High-Concept Comedy": 200648379.57904848,
    "Holiday Comedy": 172459652.0126634,
    "Holiday Romance": 111160358.80109127,
    "Satire": 129642183.61008652,
    "Documentary": 25047945.605688736,
    "Faith & Spirituality Documentary": 111367778.20138888,
    "Travel Documentary": 102456000.35127313,
    "Computer Animation": 358169360.0838986,
    "Holiday Family": 166448286.6810185,
    "Slapstick": 169764766.49561968,
    "Urban Adventure": 354583918.5051257,
    "Holiday": 153515150.46076387,
    "Baseball": 87914988.62929894,
    "Buddy Comedy": 155816318.70670804,
    "Animal Adventure": 228886545.89851367,
    "Showbiz Drama": 178373725.97294062,
    "Boxing": 119057679.93135683,
    "Adventure Epic": 278715535.62948495,
    "Fantasy Epic": 289374190.15054566,
    "Erotic Thriller": 126311824.56076388,
    "Quirky Comedy": 135209611.42629927,
    "Parody": 147470621.70538193,
    "Adult Animation": 95731801.35718599,
    "Hand-Drawn Animation": 117384657.68430555,
    "Serial Killer": 122745139.45569924,
    "Political Drama": 108678346.86949234,
    "Political Thriller": 142907710.60069445,
    "Tragic Romance": 139781257.23019546,
    "History Documentary": 96658117.17040597,
    "Football": 92232539.81977513,
    "Splatter Horror": 72595701.46730323,
    "Teen Horror": 85295322.5875896,
    "Desert Adventure": 138462821.9738426,
    "News": 49335550.7686111,
    "Pop Musical": 151550593.88531145,
    "Drug Crime": 109885336.01133041,
    "Gangster": 106780031.8839699,
    "Globetrotting Adventure": 294400082.82911706,
    "Steampunk": 114694018.8361928,
    "Costume Drama": 107400823.77384259,
    "Vampire Horror": 99663445.91076389,
    "Quest": 232282528.00336373,
    "Road Trip": 103076793.24880268,
    "Farce": 94915911.44050926,
    "Teen Comedy": 93315846.18500713,
    "Legal Drama": 111929164.80063657,
    "Zombie Horror": 118429290.81977513,
    "Basketball": 94913703.37975146,
    "Conspiracy Thriller": 123694059.27751067,
    "Dystopian Sci-Fi": 201301883.20049283,
    "Medical Drama": 114332387.47809829,
    "Sea Adventure": 243949321.91887626,
    "Shōnen": 98573745.86271366,
    "Car Action": 196355972.96076387,
    "Spy": 198608687.4643308,
    "Rock Musical": 76879503.5089699,
    "Slice of Life": 115964530.18460648,
    "Heist": 99060550.88845485,
    "Cyberpunk": 171550133.30063656,
    "Fairy Tale": 262713106.11709103,
    "Mountain Adventure": 112034258.37251984,
    "Nature Documentary": 111262866.38320707,
    "Romantic Epic": 145172676.34130657,
    "Water Sport": 88772577.21435185,
    "Swashbuckler": 217202610.63760287,
    "Police Procedural": 102730297.72861111,
    "Western Epic": 101067233.94050926,
    "Raunchy Comedy": 184901067.93389916,
    "Dinosaur Adventure": 196256338.01345485,
    "Mockumentary": 107630339.47809829,
    "Prison Drama": 101797219.2005876,
    "B-Action": 104183637.7679398,
    "Artificial Intelligence": 148027115.4524177,
    "Stop Motion Animation": 111647808.78973764,
    "Sword & Sandal": 168425730.90606725,
    "Body Swap Comedy": 191031566.24732906,
    "Crime Documentary": 77338084.20095485,
    "Contemporary Western": 88199977.21730323,
    "Soccer": 104676799.47809829,
    "B-Horror": 92535574.15823412,
    "Spaghetti Western": 80248422.01345485,
    "Cyber Thriller": 120282413.87251984,
    "Sports Documentary": 102945212.93460648,
    "Extreme Sport": 78400376.8361928,
    "Gun Fu": 252710493.3452932,
    "Screwball Comedy": 101994141.18460648,
    "Cop Drama": 120948764.2959656,
    "Sketch Comedy": 114124724.56502524,
    "Military Documentary": 105644066.65823412,
    "Kaiju": 229116878.6615338,
    "Hard-boiled Detective": 100769727.01195987,
    "Bumbling Detective": 119113661.5179398,
    "Kung Fu": 158392388.63194445,
    "Wuxia": 168734895.47411615,
    "Legal Thriller": 111425238.11076388,
    "Political Documentary": 107455660.72966269,
    "Holiday Animation": 137534109.5179398,
    "Classic Musical": 79007961.5816799,
    "Music Documentary": 84003975.54768518,
    "Shōjo": 148094524.20138887,
    "Witch Horror": 103150933.2679398,
    "Food Documentary": 96075321.55502136,
    "Stoner Comedy": 101891082.63194443,
    "Concert": 102969904.5179398,
    "Talk Show": 111399937.65593433,
    "Iyashikei": 105372917.35127313,
    "Buddy Cop": 179357587.87251982,
    "Werewolf Horror": 107988231.0179398,
    "Giallo": 113332426.20138888,
    "Folk Horror": 97995670.01655982,
    "Found Footage Horror": 117630221.5179398,
    "Science & Technology Documentary": 111268704.11047979,
    "Korean Drama": 105632198.18460648,
    "Mecha": 113149086.47411615
}