{
    "Supernatural Horror": 122238481.85049792,
    "Vampire Horror": 96797357.58296783,
    "Horror": 86168220.4812589,
    "Thriller": 109671917.7902081,
    "Drama": 86623935.95709999,
    "Music": 89279722.53937958,
    "Romance": 99472280.7181078,
    "Computer Animation": 340132494.5326125,
    "Adventure": 252818857.0341141,
    "Animation": 234163854.23585582,
    "Comedy": 143110862.45693213,
    "Family": 227758236.43645984,
    "Fantasy": 240999052.91663244,
    "Musical": 115313178.1124223,
    "Steamy Romance": 100838865.29912551,
    "Coming-of-Age": 89859861.44229984,
    "Hand-Drawn Animation": 120563561.93909144,
    "Martial Arts": 148089273.27216882,
    "Period Drama": 109299718.29988015,
    "Pop Musical": 149913956.83075398,
    "Dark Comedy": 88973427.05574669,
    "Epic": 197507015.38973767,
    "Western Epic": 97024859.07159962,
    "Western": 54832960.09878813,
    "Prison Drama": 90240634.73370726,
    "Action Epic": 311676427.5701252,
    "Gun Fu": 251971051.61535496,
    "One-Person Army Action": 105469891.35518791,
    "Serial Killer": 126275717.8917181,
    "Superhero": 369695013.8162294,
    "Action": 211568833.10836616,
    "Crime": 95100113.4706752,
    "Sci-Fi Epic": 304402569.91140574,
    "Urban Adventure": 329722856.2875331,
    "Sci-Fi": 255160625.15736198,
    "Car Action": 172622962.37244153,
    "Supernatural Fantasy": 303239609.93116474,
    "Legal Thriller": 118854262.76554233,
    "Suspense Mystery": 125843843.26695262,
    "Mystery": 126461337.86067405,
    "Romantic Comedy": 114706573.05584095,
    "Adult Animation": 108137621.10928363,
    "Stop Motion Animation": 115198850.79349415,
    "Costume Drama": 105051768.1371997,
    "Feel-Good Romance": 144866577.1360844,
    "Swashbuckler": 203909605.07986113,
    "High-Concept Comedy": 180636953.86537248,
    "Jungle Adventure": 190374136.59048203,
    "Adventure Epic": 237117479.51405823,
    "Artificial Intelligence": 175122949.5250604,
    "Psychological Drama": 121288536.09645063,
    "Space Sci-Fi": 239765641.75212187,
    "Biography": 71343931.09952821,
    "Fantasy Epic": 241941133.39558533,
    "Sword & Sorcery": 371695102.0384425,
    "Teen Adventure": 352994139.28363717,
    "Teen Fantasy": 343006012.14558536,
    "History": 71963234.6711161,
    "Dark Romance": 99469692.48305555,
    "Docudrama": 101234392.43569763,
    "Showbiz Drama": 134259019.64762545,
    "Teen Romance": 114271216.97113715,
    "Farce": 84393610.52305555,
    "War": 76309068.68949018,
    "Film Noir": 35325265.859325394,
    "Teen Drama": 96918411.68478997,
    "Dinosaur Adventure": 231715213.33842593,
    "Kaiju": 244256294.00381947,
    "Monster Horror": 137169632.28789684,
    "Tragedy": 102704157.59884477,
    "Buddy Comedy": 164368446.35575807,
    "Slapstick": 171653148.32332864,
    "Sport": 69944520.11158265,
    "Classic Musical": 74241022.30766907,
    "Parody": 132352899.47434415,
    "War Epic": 131967789.83492477,
    "Jukebox Musical": 139098760.68305555,
    "Quest": 225118861.85850695,
    "Road Trip": 113974966.7721688,
    "Hard-boiled Detective": 91154515.00509259,
    "Tragic Romance": 137442400.40305555,
    "True Crime": 74505055.21300748,
    "Survival": 146968272.29454607,
    "Zombie Horror": 114383012.65381944,
    "Alien Invasion": 189943243.53363717,
    "Teen Horror": 81521514.55838478,
    "Satire": 120593897.8083577,
    "Animal Adventure": 231903056.63460648,
    "Dark Fantasy": 184355258.5970569,
    "Sword & Sandal": 180318479.94566992,
    "Workplace Drama": 91578432.28305556,
    "Dystopian Sci-Fi": 242673268.55085126,
    "Globetrotting Adventure": 297044050.89918584,
    "Quirky Comedy": 118696380.50272818,
    "Cop Drama": 119830693.90381944,
    "Psychological Horror": 82949064.62968346,
    "Basketball": 80521289.82940821,
    "Sports Documentary": 79832239.6297743,
    "Documentary": 26724040.962992262,
    "Body Horror": 88237263.04679951,
    "Buddy Cop": 146792749.23664528,
    "Steampunk": 120985910.2986111,
    "Heist": 97205015.67091049,
    "Mountain Adventure": 108088167.11535494,
    "Boxing": 131423906.1880144,
    "Baseball": 85270133.82165404,
    "Holiday": 132802092.60381944,
    "Romantic Epic": 139489171.35114735,
    "Music Documentary": 88246291.86259921,
    "Political Drama": 117278785.42655724,
    "Sea Adventure": 276493431.8131614,
    "Whodunnit": 133694786.09027778,
    "Conspiracy Thriller": 117361144.44727366,
    "Splatter Horror": 67374100.92305556,
    "Fairy Tale": 253928851.73754087,
    "Soccer": 97581231.71974206,
    "Gangster": 112804804.69897343,
    "Historical Epic": 120125151.60837542,
    "Contemporary Western": 100720874.1852904,
    "Teen Comedy": 92426156.10800828,
    "Cyber Thriller": 104562018.58969907,
    "Cyberpunk": 171082300.04892677,
    "Psychological Thriller": 121177972.37619358,
    "B-Horror": 84943989.2547743,
    "Slasher Horror": 77708395.93794803,
    "Holiday Comedy": 162474620.1297743,
    "Holiday Romance": 110209648.00545634,
    "Financial Drama": 88492067.86259921,
    "Body Swap Comedy": 182899869.21974206,
    "Classical Western": 73261692.18096405,
    "Folk Horror": 100077188.08279914,
    "Time Travel": 203851398.42601496,
    "Caper": 122302211.86078042,
    "Football": 106970726.22071256,
    "Raunchy Comedy": 184282147.26419082,
    "Anime": 112186173.31980994,
    "News": 55455229.73074495,
    "Drug Crime": 97173441.53033626,
    "Spy": 194765590.00332126,
    "Military Documentary": 119405891.4230324,
    "Political Documentary": 106504949.93402778,
    "Kung Fu": 188917354.1597222,
    "Wuxia": 167524899.91603535,
    "Bumbling Detective": 118004498.9230324,
    "Police Procedural": 106887386.04892677,
    "Medical Drama": 118579960.69818376,
    "Erotic Thriller": 141401008.20381945,
    "Extreme Sport": 70182454.35381944,
    "Water Sport": 88481617.47175926,
    "Motorsport": 162814284.66984954,
    "Concert": 104900579.33842592,
    "Rock Musical": 86721094.78592995,
    "Desert Adventure": 133843290.42601496,
    "Crime Documentary": 64775242.372441515,
    "Iyashikei": 110981126.3705808,
    "Nature Documentary": 100980751.08969907,
    "Disaster": 156191416.50545636,
    "Witch Horror": 96624589.64831349,
    "Holiday Animation": 119835377.4614899,
    "Holiday Family": 144333794.4050926,
    "Legal Drama": 97610452.80305555,
    "Werewolf Horror": 101284537.69818376,
    "B-Action": 97339634.08279914,
    "Korean Drama": 126306199.00636573,
    "Political Thriller": 160597586.92305556,
    "Spaghetti Western": 88653468.07688491,
    "Giallo": 112122430.64330807,
    "Talk Show": 110189942.09785353,
    "Sketch Comedy": 104750976.33969907,
    "Mockumentary": 102823229.08969907,
    "Shōnen": 112837141.27967171,
    "Slice of Life": 112837141.27967171,
    "Stoner Comedy": 100867240.2366453,
    "Mecha": 111939090.91603535,
    "History Documentary": 102146078.00636573,
    "Found Footage Horror": 105646411.33969907,
    "Science & Technology Documentary": 110058708.55239898,
    "Food Documentary": 102970089.00636573,
    "Travel Documentary": 110437777.82512626,
    "Screwball Comedy": 100884978.58969907,
    "Cozy Mystery": 128047252.6730324,
    "Shōjo": 146884528.64330807,
    "Samurai": 110414725.73421717
}