{
    "Supernatural Horror": 130355670.38343254,
    "Vampire Horror": 115278893.39327486,
    "Horror": 89837620.4874051,
    "Thriller": 109510884.33913897,
    "Drama": 82448313.53175054,
    "Music": 74372182.72342995,
    "Romance": 101183317.41079941,
    "Body Horror": 81753727.4989712,
    "Folk Horror": 92824845.31944445,
    "Monster Horror": 144021837.755698,
    "Superhero": 364960081.9540404,
    "Witch Horror": 95953325.10515873,
    "Zombie Horror": 104703592.70328283,
    "Action": 210596099.08919555,
    "Mystery": 116492517.63156906,
    "Steamy Romance": 106314231.08524905,
    "Dark Comedy": 84176386.33448116,
    "Epic": 214424641.92746913,
    "Period Drama": 101219436.72691895,
    "Western Epic": 116924467.49904215,
    "Western": 52420813.79729109,
    "Prison Drama": 105422666.75966184,
    "Action Epic": 321786200.82355964,
    "Gun Fu": 256664226.08660132,
    "Martial Arts": 121936464.33829366,
    "One-Person Army Action": 120901595.5533033,
    "Serial Killer": 124483028.72800927,
    "Crime": 88544725.9926549,
    "Sci-Fi Epic": 325333964.52777773,
    "Urban Adventure": 319186076.03874266,
    "Adventure": 261069666.09563494,
    "Sci-Fi": 244797207.4358062,
    "Supernatural Fantasy": 283249900.6629273,
    "Comedy": 147893864.85083458,
    "Family": 243446035.40854895,
    "Fantasy": 245091110.12679908,
    "Historical Epic": 99705396.22643098,
    "Swashbuckler": 199941971.3788889,
    "History": 63154083.94328703,
    "Coming-of-Age": 118715661.40400326,
    "Legal Thriller": 111043731.91512346,
    "Suspense Mystery": 93794984.24206349,
    "Romantic Comedy": 121684778.28220612,
    "Costume Drama": 101902951.71546547,
    "Feel-Good Romance": 139088970.9484127,
    "Adventure Epic": 251977978.82944444,
    "Animal Adventure": 248056047.84876543,
    "Computer Animation": 359303845.18419313,
    "Contemporary Western": 99132332.6988889,
    "Desert Adventure": 157041751.4811508,
    "Quirky Comedy": 136832455.56362006,
    "Slapstick": 213713714.30787036,
    "Animation": 245007183.98314813,
    "Globetrotting Adventure": 318606335.1197318,
    "Quest": 227592141.84876543,
    "Artificial Intelligence": 170088000.38510102,
    "Psychological Drama": 80583006.73442762,
    "Space Sci-Fi": 272898037.0913742,
    "Biography": 62126771.162728816,
    "Fantasy Epic": 267148345.08829364,
    "Sword & Sorcery": 376009753.2668651,
    "Teen Adventure": 342765507.4522569,
    "Teen Fantasy": 320190449.4412393,
    "Dark Romance": 84548399.12860082,
    "Docudrama": 86803352.51844941,
    "Showbiz Drama": 129107969.80257937,
    "Teen Romance": 87258646.27329749,
    "Satire": 130562732.79793908,
    "War": 84047421.49670139,
    "Film Noir": 31632798.063390315,
    "Pop Musical": 155588987.10850695,
    "Teen Drama": 70779239.19159545,
    "Musical": 124841539.22846684,
    "Dinosaur Adventure": 236497680.43148148,
    "Kaiju": 242073164.89467594,
    "Tragedy": 111957432.26121303,
    "Classic Musical": 78149431.74873738,
    "Adult Animation": 95594695.22800927,
    "Buddy Comedy": 180795051.5660494,
    "Hand-Drawn Animation": 129578226.74952108,
    "High-Concept Comedy": 180541020.0771605,
    "Parody": 164518969.8019006,
    "Teen Horror": 80014647.42489712,
    "War Epic": 134415028.68417874,
    "Jukebox Musical": 165895132.62400794,
    "Road Trip": 128479256.15972222,
    "Rock Musical": 89051218.79419193,
    "Tragic Romance": 161889487.74893162,
    "True Crime": 71730366.99074075,
    "Survival": 162098647.17978394,
    "Alien Invasion": 205616235.09137428,
    "Sport": 70490688.50968567,
    "Dark Fantasy": 200491155.81180555,
    "Jungle Adventure": 140647247.82585472,
    "Sword & Sandal": 166168212.8595679,
    "Dystopian Sci-Fi": 222985401.8627946,
    "Stop Motion Animation": 121030533.24845679,
    "Romantic Epic": 166056554.0181624,
    "Cop Drama": 102238397.97486773,
    "Psychological Horror": 85784240.16982323,
    "Basketball": 86747222.49879228,
    "Sports Documentary": 93873285.49786326,
    "Documentary": 25290720.88475976,
    "Fairy Tale": 279876197.59645057,
    "Buddy Cop": 186381911.95940173,
    "Steampunk": 129275687.96895425,
    "Heist": 102539318.6748366,
    "Gangster": 115279264.4188889,
    "Baseball": 78914224.51967593,
    "Music Documentary": 82179011.69814816,
    "Political Drama": 98522601.98045267,
    "Sea Adventure": 280175871.212963,
    "Conspiracy Thriller": 124246194.94123933,
    "Workplace Drama": 98229682.6863426,
    "Splatter Horror": 70529632.64711934,
    "Soccer": 103456228.0363248,
    "Psychological Thriller": 83475431.55787037,
    "B-Horror": 91526727.89087303,
    "Slasher Horror": 81749060.40972222,
    "Water Sport": 93563779.39087303,
    "Holiday Comedy": 162257766.3420139,
    "Holiday Romance": 124771279.63148148,
    "Whodunnit": 115523734.15096618,
    "Football": 102952526.22318009,
    "Financial Drama": 89678010.03373016,
    "Body Swap Comedy": 120788717.24801588,
    "Classical Western": 76343438.6545139,
    "Time Travel": 208762919.80257937,
    "Mockumentary": 113638712.95601852,
    "Caper": 106308098.62922706,
    "Raunchy Comedy": 187618894.84661835,
    "Teen Comedy": 81975599.94121447,
    "Cyberpunk": 180745634.07748538,
    "News": 48659213.138888896,
    "Spy": 194460151.97705314,
    "Military Documentary": 120918603.8726852,
    "Political Documentary": 106257117.03373016,
    "Faith & Spirituality Documentary": 100832839.3726852,
    "Nature Documentary": 93079036.65170941,
    "Anime": 106422588.19543651,
    "Kung Fu": 168351054.28935185,
    "Wuxia": 167209476.22474748,
    "Bumbling Detective": 134750210.1226852,
    "Police Procedural": 86357082.8031401,
    "Medical Drama": 109690972.56481482,
    "Farce": 104379649.22800927,
    "Erotic Thriller": 109341162.97361112,
    "Drug Crime": 102814685.7616959,
    "Motorsport": 150479034.4395425,
    "Concert": 93455911.4623016,
    "Cyber Thriller": 100873257.45601852,
    "Crime Documentary": 71658673.8513072,
    "Boxing": 131340575.49879228,
    "Political Thriller": 143361455.67270532,
    "Hard-boiled Detective": 89456262.4314815,
    "Iyashikei": 110665702.67929293,
    "Disaster": 186785115.21296296,
    "Holiday": 136755798.22361112,
    "Food Documentary": 94784582.19017094,
    "Holiday Animation": 119519953.77020203,
    "Holiday Family": 144102483.69814816,
    "Legal Drama": 89395375.21296297,
    "Travel Documentary": 101057699.3726852,
    "Werewolf Horror": 101017640.72863248,
    "Found Footage Horror": 116231920.53935187,
    "B-Action": 96113997.80555557,
    "Slice of Life": 114566229.20601852,
    "Mountain Adventure": 117824257.63148148,
    "Spaghetti Western": 78296212.0295139,
    "Korean Drama": 116416529.49786326,
    "Extreme Sport": 87410709.96481483,
    "Giallo": 111807006.95202021,
    "Car Action": 158832686.8314815,
    "Shōnen": 97283006.49786326,
    "Sketch Comedy": 112599305.31565657,
    "Stoner Comedy": 100600343.26709403,
    "Mecha": 111623667.22474748,
    "Screwball Comedy": 100595840.20601852,
    "Cozy Mystery": 127758114.28935187,
    "Shōjo": 146569104.9520202,
    "Isekai": 135398062.22474748,
    "History Documentary": 102383044.95601852
}