{
    "Supernatural Horror": 118054082.59849538,
    "Vampire Horror": 109870650.39548612,
    "Horror": 86933712.87140076,
    "Thriller": 108410897.74646014,
    "Computer Animation": 367958335.5671559,
    "Adventure": 255541300.37330383,
    "Animation": 259167640.24939,
    "Comedy": 151046397.31215668,
    "Family": 229057034.5491429,
    "Fantasy": 236981042.63355526,
    "Musical": 129066042.4959291,
    "Body Horror": 82585143.03249009,
    "Folk Horror": 96204623.30074787,
    "Monster Horror": 126552879.93467882,
    "Superhero": 322817202.5501676,
    "Witch Horror": 93028636.63640873,
    "Zombie Horror": 127953049.57957177,
    "Action": 203146586.03892067,
    "Mystery": 109684316.77715084,
    "Steamy Romance": 108181876.21106151,
    "Drama": 88536266.59692891,
    "Romance": 111528409.07712813,
    "Coming-of-Age": 124045528.63499579,
    "Hand-Drawn Animation": 127430709.2482639,
    "Martial Arts": 138743034.8114712,
    "Period Drama": 117260866.69223814,
    "Pop Musical": 177732757.11170635,
    "Dark Comedy": 74163728.82955109,
    "Epic": 203271875.4715354,
    "Western Epic": 97828375.7636574,
    "Western": 51380384.84404933,
    "Prison Drama": 106723129.2879051,
    "Action Epic": 314960793.891245,
    "Gun Fu": 167642081.86064816,
    "One-Person Army Action": 105457537.81544614,
    "Serial Killer": 105421840.5151749,
    "Crime": 81834577.54410753,
    "Car Action": 179119080.1005117,
    "Supernatural Fantasy": 286887605.5265985,
    "Historical Epic": 128003128.36090067,
    "Swashbuckler": 165825694.91960472,
    "History": 74850204.15425627,
    "Romantic Comedy": 121956042.42514297,
    "Adult Animation": 90809091.31407829,
    "Stop Motion Animation": 92675973.64174837,
    "Sci-Fi": 250123716.97326615,
    "Costume Drama": 100283856.51241583,
    "Feel-Good Romance": 174101964.5434028,
    "Adventure Epic": 244801818.43819442,
    "Animal Adventure": 251340606.9493397,
    "Contemporary Western": 92070637.2763889,
    "Desert Adventure": 153133768.2188786,
    "Quirky Comedy": 129670945.31820437,
    "Slapstick": 179311427.8260297,
    "Globetrotting Adventure": 289298921.61757666,
    "Quest": 237278548.44114298,
    "High-Concept Comedy": 201289083.8270664,
    "Jungle Adventure": 220422619.26575854,
    "Artificial Intelligence": 156689887.84268162,
    "Psychological Drama": 111565972.21733941,
    "Sci-Fi Epic": 326137624.4215067,
    "Space Sci-Fi": 269737715.59742063,
    "Dark Romance": 99729338.58309387,
    "Docudrama": 100440535.84727778,
    "Showbiz Drama": 141117118.99726433,
    "Teen Romance": 129388692.43467882,
    "Biography": 73117860.28534581,
    "Music": 93972014.60067314,
    "Farce": 90938350.55221194,
    "War": 83230596.68974014,
    "Satire": 109059958.10967813,
    "Teen Drama": 113333982.78134385,
    "Dinosaur Adventure": 194678625.61935765,
    "Kaiju": 203014091.40498737,
    "Tragedy": 116443141.70188938,
    "Teen Fantasy": 290609166.8763889,
    "Buddy Comedy": 186313631.86948007,
    "Sport": 71157092.95728748,
    "Classic Musical": 73550833.95044193,
    "Teen Horror": 70806368.56365742,
    "War Epic": 133370584.78064613,
    "Jukebox Musical": 154105774.4040638,
    "Road Trip": 116768819.13963294,
    "Film Noir": 33539845.775270063,
    "Hard-boiled Detective": 81169696.27276236,
    "Rock Musical": 79160965.49652778,
    "Tragic Romance": 149885236.2110615,
    "True Crime": 68691765.8850891,
    "Fantasy Epic": 240070491.4967758,
    "Sword & Sorcery": 279196966.4504419,
    "Survival": 150227933.21971452,
    "Alien Invasion": 214542011.99688697,
    "Dark Fantasy": 213640721.9002371,
    "Sword & Sandal": 191412031.1005117,
    "Workplace Drama": 91114062.32957177,
    "Romantic Epic": 162704639.38737923,
    "Cop Drama": 94657096.3290344,
    "Psychological Horror": 79111547.80658984,
    "Fairy Tale": 263335538.64620867,
    "Teen Adventure": 310384583.4129051,
    "Documentary": 24344457.37715841,
    "Buddy Cop": 160093280.6084402,
    "Steampunk": 116761107.18185765,
    "Heist": 95758684.2888072,
    "Gangster": 102684900.6629051,
    "Mountain Adventure": 113680498.93586601,
    "Boxing": 127872526.46106151,
    "Parody": 133761785.96884921,
    "Holiday": 129215271.86935765,
    "Music Documentary": 92271812.06997864,
    "Political Drama": 106566174.20938553,
    "Whodunnit": 124359879.38963294,
    "Soccer": 96728842.63640873,
    "Teen Comedy": 87393296.59799384,
    "Cyber Thriller": 103431597.49247687,
    "Cyberpunk": 164626405.54135102,
    "Dystopian Sci-Fi": 232221185.93467882,
    "Psychological Thriller": 105915228.29450314,
    "B-Horror": 83337323.80685765,
    "Slasher Horror": 75461945.13638118,
    "Conspiracy Thriller": 127338274.03498933,
    "Water Sport": 80142844.1123366,
    "Splatter Horror": 65692593.58924898,
    "Football": 95210133.18184157,
    "Financial Drama": 83177286.46064815,
    "Body Swap Comedy": 186705052.45459402,
    "Sea Adventure": 224580871.3454861,
    "Suspense Mystery": 128171508.47274306,
    "Urban Adventure": 304031232.36884916,
    "Classical Western": 72560084.64174837,
    "Mockumentary": 114100968.65914352,
    "Caper": 104920855.69172706,
    "Baseball": 82255783.80522487,
    "Basketball": 87475018.49589647,
    "Time Travel": 208059175.94548613,
    "Raunchy Comedy": 110640337.19548611,
    "Anime": 95584780.77443416,
    "News": 54901113.67771465,
    "Drug Crime": 103807386.42427249,
    "Spy": 210459594.91290507,
    "Legal Thriller": 108151608.49548611,
    "Faith & Spirituality Documentary": 100127523.8258102,
    "Nature Documentary": 92427976.14690171,
    "Kung Fu": 188590311.99247685,
    "Wuxia": 166440041.08270204,
    "Medical Drama": 108083865.27926588,
    "Erotic Thriller": 127827853.30042271,
    "Extreme Sport": 72369701.94261697,
    "Sports Documentary": 83570118.39398149,
    "Motorsport": 181025238.0379051,
    "Concert": 118222108.5315171,
    "Police Procedural": 85508525.21346618,
    "Crime Documentary": 71471190.40645425,
    "Political Thriller": 153781566.5163889,
    "Iyashikei": 109896267.53724748,
    "Disaster": 191124910.67945907,
    "Food Documentary": 94133521.68536326,
    "Military Documentary": 101678940.0758102,
    "Holiday Animation": 118750518.62815657,
    "Holiday Family": 137187935.2238248,
    "Legal Drama": 91022308.88554527,
    "Travel Documentary": 100352383.8258102,
    "Found Footage Horror": 117729021.15914352,
    "B-Action": 90377812.92212303,
    "Slice of Life": 113860913.65914352,
    "Spaghetti Western": 77767225.36935765,
    "Korean Drama": 121856161.49247687,
    "Werewolf Horror": 105884614.49247687,
    "Giallo": 111037571.80997476,
    "Talk Show": 109105083.26452021,
    "Sketch Comedy": 110309578.3554293,
    "Shōnen": 96631945.99305557,
    "History Documentary": 95036646.30074787,
    "Science & Technology Documentary": 108973849.71906567,
    "Holiday Romance": 139141767.99179295,
    "Stoner Comedy": 104581369.3258102,
    "Holiday Comedy": 155086758.24247685,
    "Cozy Mystery": 127052798.74247687,
    "Shōjo": 145799669.80997476,
    "Isekai": 134628627.08270204,
    "Samurai": 109329866.90088385,
    "Bumbling Detective": 128783115.49247687
}