{
    "United States": 133034400.56429194,
    "United Kingdom": 131533173.01292549,
    "Germany": 109559495.60958485,
    "Bulgaria": 110933376.61601308,
    "Spain": 81949575.38492064,
    "Switzerland": 115613102.8588889,
    "Panama": 125632530.6226852,
    "France": 83196466.60981481,
    "Belgium": 45363117.62127372,
    "New Zealand": 130541316.13153595,
    "South Korea": 84685197.33964647,
    "China": 167380898.2322797,
    "Italy": 85004022.27003641,
    "Sweden": 67801656.9363426,
    "Canada": 159871895.44045138,
    "Ireland": 68692333.68540052,
    "Japan": 192624772.22127524,
    "Mexico": 73892876.47222222,
    "Thailand": 177385669.0295139,
    "Denmark": 88519126.86431624,
    "Australia": 180124586.17167577,
    "Norway": 104736152.91512346,
    "Croatia": 133977467.20601852,
    "Hungary": 147583974.26058203,
    "Hong Kong": 178866558.2231801,
    "Luxembourg": 97026856.19017094,
    "Czech Republic": 103886967.65782829,
    "India": 119123158.12160493,
    "Finland": 87438562.39087303,
    "Lithuania": 112669972.0429293,
    "West Germany": 71614831.08179013,
    "Poland": 65189731.839646466,
    "Colombia": 109998135.58838385,
    "Taiwan": 140161701.2314815,
    "Argentina": 135209674.19017094,
    "Bangladesh": 109720575.40656567,
    "South Africa": 95315011.91013072,
    "Romania": 98861091.29814816,
    "Russia": 82287700.29814816,
    "Morocco": 175212820.09814817,
    "Singapore": 120936296.38071896,
    "Chile": 95051790.72863248,
    "Iceland": 169588196.3595679,
    "Bahamas": 152480919.20601854,
    "Malta": 205092226.49836603,
    "Brazil": 87814054.9670139,
    "Occupied Palestinian Territory": 109887653.22474748,
    "Netherlands": 88335755.8031401,
    "Tunisia": 109830017.1338384,
    "Saudi Arabia": 90694424.67658731,
    "Cyprus": 109830017.1338384,
    "Puerto Rico": 116494094.31565657,
    "Yugoslavia": 110192677.40656567,
    "Syria": 109756930.67929293,
    "Jordan": 179322610.76481482,
    "Ukraine": 109756930.67929293,
    "Israel": 101074445.03935187,
    "Iran": 109804853.1338384,
    "Greece": 95631892.72863248,
    "Soviet Union": 102321088.20601852,
    "Indonesia": 101006018.28935187,
    "United Arab Emirates": 131255454.76481482,
    "Gambia": 174687619.0429293,
    "Senegal": 109771738.77020203,
    "Benin": 109771738.77020203,
    "Egypt": 100955844.95601852,
    "Philippines": 115204571.31565657,
    "Austria": 97591310.03373016,
    "Estonia": 100691478.20601852,
    "Slovenia": 109784647.95202021,
    "Kenya": 110122354.1338384,
    "Ghana": 110122354.1338384,
    "Qatar": 114623522.58838385,
    "Slovakia": 110417873.40656567,
    "Serbia": 114615030.1338384,
    "Algeria": 129030776.8726852,
    "Latvia": 111522048.86111112,
    "Portugal": 114725885.49747476,
    "Serbia and Montenegro": 119721147.1338384
}