{
    "United States": 133700731.56863621,
    "Japan": 197117342.0506313,
    "France": 91961187.98221727,
    "United Kingdom": 130718789.40209407,
    "Switzerland": 95490455.93374999,
    "Panama": 126605846.50104167,
    "Canada": 152180391.76509562,
    "China": 169735482.80972224,
    "Malta": 235014747.47132352,
    "Germany": 104333720.60920455,
    "India": 142909754.06694445,
    "Turkey": 106209169.08437501,
    "South Korea": 86078507.91358696,
    "Czech Republic": 95710723.16049999,
    "Australia": 161122794.04016668,
    "Mexico": 108671081.31941488,
    "Morocco": 176612421.42946428,
    "Puerto Rico": 117555893.45568182,
    "Bulgaria": 131907695.38958332,
    "Bahamas": 153454235.084375,
    "United Arab Emirates": 124101934.18828125,
    "Hungary": 152205275.2278409,
    "Italy": 81506749.56539854,
    "New Zealand": 159459303.2253125,
    "Jordan": 207437363.23173076,
    "Gambia": 175749418.18295455,
    "Spain": 92136477.66698718,
    "Hong Kong": 148328152.96594828,
    "Taiwan": 134176012.68828125,
    "West Germany": 70030197.79013158,
    "Argentina": 126535414.78660715,
    "Thailand": 179845821.53416666,
    "Singapore": 129404220.25078125,
    "Latvia": 112583848.00113636,
    "Belgium": 43149207.50029762,
    "Greece": 97193002.69326924,
    "Iceland": 171623700.53416666,
    "Algeria": 130004092.75104167,
    "Brazil": 97248024.05955882,
    "Luxembourg": 94233764.28660715,
    "Russia": 93226308.78660715,
    "Norway": 97065579.800625,
    "Denmark": 95259302.7276515,
    "Chile": 92629366.85803571,
    "Austria": 91880733.13416667,
    "Ireland": 65894613.83363095,
    "Qatar": 106072393.91770834,
    "Sweden": 55195833.77824074,
    "Poland": 69923882.66726191,
    "Saudi Arabia": 98228868.61634615,
    "South Africa": 102810601.00083333,
    "Finland": 76261227.58897059,
    "Romania": 106742163.00089286,
    "Ukraine": 101554929.83437501,
    "Malaysia": 110839692.00113636,
    "Tunisia": 110891816.27386364,
    "Cyprus": 110891816.27386364,
    "Senegal": 110833537.91022728,
    "Benin": 110833537.91022728,
    "Soviet Union": 103294404.08437501,
    "Israel": 111798055.81931819,
    "Occupied Palestinian Territory": 110811766.36477274,
    "Netherlands": 94568713.700625,
    "Estonia": 101664794.08437501,
    "Slovenia": 110846447.09204546,
    "Slovakia": 106211389.75104167,
    "Serbia": 115676829.27386364,
    "Croatia": 134950783.084375,
    "Portugal": 115787684.6375,
    "Iraq": 156125487.18295455,
    "Philippines": 116266370.45568182,
    "Serbia and Montenegro": 120782946.27386364,
    "Lithuania": 113731771.18295455,
    "Cambodia": 103516480.33437501,
    "Vietnam": 110823024.09204546,
    "Bangladesh": 103479218.25104167,
    "Egypt": 110793044.18295455,
    "Aruba": 112885794.6375
}