{
    "Period Drama": 105283534.16191521,
    "Biography": 70978331.72265786,
    "Drama": 85210557.80160387,
    "History": 67314112.3554039,
    "Musical": 123911860.81557465,
    "Romance": 102481846.23552881,
    "Caper": 109624569.60175121,
    "Film Noir": 37545148.20728115,
    "Action": 217739348.0225009,
    "Crime": 98687563.62138377,
    "Classical Western": 79112719.17751737,
    "Western": 37820460.98018603,
    "Dark Comedy": 80033069.63017789,
    "Comedy": 148521004.0411066,
    "Sport": 69674573.58230948,
    "Coming-of-Age": 91136962.6315532,
    "Psychological Horror": 81954249.73565821,
    "Horror": 85016771.33929275,
    "Feel-Good Romance": 157712668.44148663,
    "Romantic Comedy": 124951654.45120372,
    "Time Travel": 178035817.5536111,
    "Fantasy": 249621817.2443151,
    "Sci-Fi": 269677424.4050926,
    "Adventure": 270483131.4154994,
    "War": 74949640.31577812,
    "Historical Epic": 116451647.90425085,
    "War Epic": 131491890.97364268,
    "Sword & Sorcery": 406543816.8015492,
    "Teen Adventure": 358593215.5117338,
    "Teen Fantasy": 344480526.3400107,
    "Family": 240700383.29607433,
    "Mystery": 127266995.40579502,
    "Boxing": 114159158.78501157,
    "Docudrama": 106694287.51314485,
    "Parody": 149959745.84600693,
    "Suspense Mystery": 121421601.48115079,
    "Whodunnit": 109312611.17455807,
    "Thriller": 119301686.50787972,
    "Space Sci-Fi": 280161575.6717729,
    "Superhero": 404716655.43345964,
    "Supernatural Horror": 102418981.37434486,
    "Supernatural Fantasy": 319580998.08345306,
    "Extreme Sport": 76623971.0466821,
    "Mountain Adventure": 105826536.92751737,
    "Sports Documentary": 81109206.42751737,
    "Documentary": 25880197.18635621,
    "Disaster": 216326534.94477513,
    "Music": 87352474.04994507,
    "Action Epic": 342956114.1667977,
    "Alien Invasion": 201955056.80750868,
    "Sci-Fi Epic": 339117689.0811508,
    "Basketball": 79311013.73218599,
    "Martial Arts": 136223695.72800925,
    "Jukebox Musical": 175702618.68870774,
    "Anime": 107050682.45858134,
    "Dark Fantasy": 233391486.62100697,
    "One-Person Army Action": 123783059.20118463,
    "Survival": 159179765.75311303,
    "Animation": 259952351.4955121,
    "Dark Romance": 79907191.53231838,
    "Psychological Drama": 101902163.7084247,
    "Steamy Romance": 93039204.47556584,
    "Teen Drama": 94144838.17539173,
    "Teen Romance": 118798057.13829365,
    "Workplace Drama": 79682929.54963991,
    "Financial Drama": 103387617.84573413,
    "Motorsport": 166406613.732186,
    "Dystopian Sci-Fi": 238649612.58353758,
    "Zombie Horror": 125746614.94477513,
    "Raunchy Comedy": 151565078.57667825,
    "Jungle Adventure": 150431241.40828544,
    "Epic": 211333208.32044753,
    "High-Concept Comedy": 186611469.87100694,
    "Holiday Comedy": 180824983.11501735,
    "Holiday Romance": 111669038.63144842,
    "Satire": 114791501.11879209,
    "Faith & Spirituality Documentary": 112015188.89457072,
    "Travel Documentary": 103049460.15335649,
    "Computer Animation": 379598134.1185575,
    "Holiday Family": 156521787.24001735,
    "Slapstick": 190136586.8185764,
    "Urban Adventure": 391451586.7589547,
    "Holiday": 159544807.04422513,
    "Showbiz Drama": 156946115.8157242,
    "Tragedy": 106196177.38796706,
    "Contemporary Western": 95077285.3683449,
    "Cop Drama": 111023405.26546717,
    "Drug Crime": 106650540.27810846,
    "Political Drama": 93410982.88297325,
    "Buddy Comedy": 149258069.33756775,
    "Psychological Thriller": 112860533.21400462,
    "Animal Adventure": 221568048.2684793,
    "Body Horror": 83887257.18616453,
    "Monster Horror": 105695878.83875868,
    "Adventure Epic": 280013906.11000633,
    "Fantasy Epic": 313916051.95704734,
    "Quirky Comedy": 121696743.51173371,
    "Adult Animation": 87904741.5936111,
    "Hand-Drawn Animation": 140223526.11680555,
    "Serial Killer": 128355110.49429563,
    "Political Thriller": 150272146.3109217,
    "Tragic Romance": 135545218.5496399,
    "History Documentary": 91358620.702877,
    "Football": 99899817.91001157,
    "News": 51676346.74334491,
    "Pop Musical": 155078073.75273567,
    "Gangster": 106958047.19467592,
    "Globetrotting Adventure": 324372256.73482513,
    "True Crime": 74225988.36254409,
    "Steampunk": 125735870.49112654,
    "Desert Adventure": 137148259.95539528,
    "Splatter Horror": 71363261.99239418,
    "Vampire Horror": 99264715.20211989,
    "Quest": 238363172.6498016,
    "Road Trip": 111563379.80889918,
    "Farce": 90511007.8613426,
    "Teen Comedy": 98471823.1358204,
    "Fairy Tale": 290027347.4525794,
    "Swashbuckler": 177099625.20858136,
    "Conspiracy Thriller": 118403595.37847222,
    "Medical Drama": 107350995.17751737,
    "Heist": 97519571.51790936,
    "Shōnen": 106327824.73668982,
    "Costume Drama": 84986332.82800926,
    "Car Action": 205356949.04201388,
    "Spy": 201040087.42783815,
    "Rock Musical": 96917326.07361111,
    "Slasher Horror": 89488291.09794061,
    "Slice of Life": 116557989.98668982,
    "Teen Horror": 84309033.99408436,
    "Nature Documentary": 102683373.48668982,
    "Romantic Epic": 139971898.60924146,
    "Water Sport": 89019976.98935185,
    "Western Epic": 81699728.07667825,
    "Legal Drama": 91071214.08001208,
    "Mockumentary": 108178148.52617523,
    "Folk Horror": 94415088.77430557,
    "Witch Horror": 97787123.63144842,
    "Dinosaur Adventure": 236494836.75694445,
    "Prison Drama": 104547738.4933449,
    "B-Action": 97952546.21848291,
    "Artificial Intelligence": 189753297.49385685,
    "Stop Motion Animation": 89482304.82445988,
    "Cyber Thriller": 121174245.77430557,
    "Cyberpunk": 188204136.24201387,
    "Korean Drama": 118255077.9107906,
    "Sword & Sandal": 180521157.1577932,
    "Crime Documentary": 69441734.88001543,
    "Police Procedural": 102045958.95167823,
    "Body Swap Comedy": 183779820.7226852,
    "Soccer": 105224608.52617523,
    "B-Horror": 83527228.99001737,
    "Baseball": 83057646.76546718,
    "Spaghetti Western": 91182121.34573413,
    "Sea Adventure": 200587953.26890433,
    "Screwball Comedy": 102587600.98668982,
    "Military Documentary": 106152746.48859128,
    "Kaiju": 256077124.3420139,
    "Isekai": 137570892.167298,
    "Legal Thriller": 110161973.62317252,
    "Kung Fu": 178461847.27430555,
    "Wuxia": 169382306.167298,
    "Werewolf Horror": 102856189.14155984,
    "Erotic Thriller": 102278692.7920139,
    "Hard-boiled Detective": 99773237.10825165,
    "Gun Fu": 225272226.61501735,
    "Political Documentary": 107964340.56001985,
    "Holiday Animation": 138127569.32002315,
    "Music Documentary": 80018293.17751737,
    "Shōjo": 148741934.8945707,
    "Classic Musical": 81256657.7066799,
    "Samurai": 112272131.98547982,
    "Food Documentary": 104672711.40335649,
    "Concert": 106262677.25601853,
    "Talk Show": 112047348.34911618,
    "Buddy Cop": 127015585.40335649,
    "Stoner Comedy": 104418301.65335649,
    "Bumbling Detective": 118371122.16729799,
    "Iyashikei": 112838532.62184344,
    "Cozy Mystery": 113100052.80366163,
    "Found Footage Horror": 112352506.52617523,
    "Mecha": 113796497.16729799
}