{
    "Martial Arts": 120805932.75795454,
    "Action": 208001652.2167991,
    "Comedy": 147207885.58906555,
    "Drama": 86872487.13993055,
    "Romance": 103996105.1662172,
    "Thriller": 111170112.45617689,
    "Western": 48501699.330681816,
    "Animal Adventure": 240498054.4144643,
    "Computer Animation": 364261255.5354798,
    "Fairy Tale": 277609530.0003049,
    "Quest": 209158545.92326924,
    "Swashbuckler": 228737516.6211207,
    "Adventure": 260762513.38521603,
    "Animation": 254889862.05396706,
    "Family": 234241155.1765196,
    "Sci-Fi Epic": 317308579.84647435,
    "Space Sci-Fi": 265097785.02664477,
    "Sci-Fi": 249850109.9600714,
    "Superhero": 345988539.73706144,
    "Urban Adventure": 361004858.74391025,
    "Holiday Comedy": 146092776.14375,
    "Fantasy": 243759038.78419602,
    "Holiday": 115792714.38958333,
    "Mystery": 129437723.19504717,
    "Dinosaur Adventure": 243351745.11838233,
    "Globetrotting Adventure": 343441235.96342593,
    "Dark Fantasy": 194742711.3113889,
    "Supernatural Fantasy": 314506514.12090516,
    "Survival": 179656048.1582237,
    "Crime": 95462245.33950688,
    "War Epic": 120246606.70025,
    "War": 74208001.55889706,
    "Period Drama": 110051615.87732954,
    "Conspiracy Thriller": 121736849.17284483,
    "Dystopian Sci-Fi": 235285984.4213816,
    "Alien Invasion": 193845520.97095588,
    "Buddy Comedy": 151968676.16692707,
    "Buddy Cop": 178993314.92946428,
    "High-Concept Comedy": 169003339.31846592,
    "Action Epic": 321681743.6430803,
    "Cop Drama": 120130192.56576087,
    "Epic": 200896580.88901517,
    "Gangster": 117534706.40787037,
    "Heist": 100800378.55625,
    "Artificial Intelligence": 177255103.2762931,
    "Cyberpunk": 171497018.2179348,
    "Gun Fu": 217477219.58897057,
    "Adventure Epic": 240396670.4425481,
    "Psychological Thriller": 105482529.31446429,
    "Sword & Sandal": 220197960.68486843,
    "Dark Comedy": 79577728.97647639,
    "Raunchy Comedy": 157798455.571875,
    "One-Person Army Action": 121777968.7951923,
    "Teen Adventure": 344847791.7432143,
    "Fantasy Epic": 239886841.28164062,
    "Tragedy": 99435465.6496795,
    "Political Thriller": 146310334.12552083,
    "Spy": 198488328.3337963,
    "Serial Killer": 128865745.28616071,
    "Cyber Thriller": 114707564.13416667,
    "Kaiju": 242559822.83385417,
    "Road Trip": 96806756.31077586,
    "Disaster": 185124043.60062498,
    "Caper": 111194257.36907895,
    "Car Action": 197978961.300625,
    "Music": 85153130.90482804,
    "Historical Epic": 128085719.81289062,
    "Desert Adventure": 157811776.2907258,
    "Splatter Horror": 68929045.76708333,
    "Horror": 79468208.41721429,
    "Quirky Comedy": 123023079.27310605,
    "Kung Fu": 158000094.69326922,
    "Docudrama": 101516064.81953126,
    "History": 73085145.95006944,
    "Motorsport": 157299675.36420453,
    "Biography": 72979682.66069494,
    "Sport": 69469891.14949714,
    "Drug Crime": 98263217.69619565,
    "Steamy Romance": 90953322.06289062,
    "Psychological Drama": 95305352.15960145,
    "Bumbling Detective": 130764928.84711538,
    "Slapstick": 181483319.9684524,
    "Romantic Comedy": 122401089.15015626,
    "Teen Comedy": 92001096.47942708,
    "Teen Fantasy": 350248270.5176724,
    "Teen Romance": 123276009.75795454,
    "Time Travel": 173403001.61586538,
    "Body Horror": 72861961.45885417,
    "Folk Horror": 93542136.00089286,
    "Monster Horror": 114903597.02892856,
    "Supernatural Horror": 107458716.58354166,
    "Witch Horror": 97477483.07788461,
    "Zombie Horror": 112813345.91358694,
    "Police Procedural": 106670222.33385415,
    "Coming-of-Age": 104035672.62179054,
    "Teen Drama": 90211462.58168603,
    "Sea Adventure": 247832986.45885417,
    "Anime": 93115312.25044642,
    "Sword & Sorcery": 347065710.2967593,
    "Spaghetti Western": 79593757.43828125,
    "Western Epic": 108898398.34663461,
    "Dark Romance": 107540573.46201922,
    "Erotic Thriller": 140317312.33392856,
    "Jungle Adventure": 210690496.96708333,
    "Musical": 124921358.20390128,
    "Feel-Good Romance": 160972201.40342742,
    "Parody": 146341528.88125,
    "Satire": 116579839.4931338,
    "B-Horror": 83705564.37578125,
    "Slasher Horror": 89451653.78825757,
    "Pop Musical": 176924383.02664474,
    "Classic Musical": 65411386.45511364,
    "Showbiz Drama": 144893872.69734848,
    "Costume Drama": 110211600.21655405,
    "Shōnen": 105309379.83437501,
    "Hand-Drawn Animation": 132856596.00020835,
    "Romantic Epic": 139710645.45511362,
    "Psychological Horror": 78959875.52025,
    "Isekai": 136459861.36477274,
    "Adult Animation": 87736694.33379629,
    "Jukebox Musical": 157938995.03164062,
    "Documentary": 25687091.25625,
    "Slice of Life": 115539545.08437501,
    "Steampunk": 121023810.15855262,
    "Mecha": 112685466.36477274,
    "Contemporary Western": 89168448.71488096,
    "Body Swap Comedy": 176632265.62578124,
    "Basketball": 79625111.5605,
    "Iyashikei": 104947932.25104167,
    "Political Drama": 106758969.1939516,
    "Stop Motion Animation": 118535577.81328125,
    "Hard-boiled Detective": 100295559.35367647,
    "Legal Drama": 98999484.77824074,
    "Legal Thriller": 110468012.34836955,
    "Wuxia": 168271275.36477274,
    "Tragic Romance": 142743114.1605,
    "Prison Drama": 106217177.66712962,
    "True Crime": 73321383.13135245,
    "Workplace Drama": 101757471.64330356,
    "Rock Musical": 91042992.55601852,
    "Football": 108189920.7412037,
    "Medical Drama": 114417578.14375,
    "Boxing": 118001361.69278845,
    "Water Sport": 83465653.00078125,
    "Financial Drama": 95565857.33416668,
    "Mountain Adventure": 93365131.53014706,
    "B-Action": 91816639.85803571,
    "Baseball": 78143978.43532608,
    "Whodunnit": 126701636.11586538,
    "Farce": 92938280.17284483,
    "Cozy Mystery": 111989022.00113636,
    "Stoner Comedy": 95244586.85803571,
    "Suspense Mystery": 114710255.15822367,
    "Sports Documentary": 80345372.75078125,
    "History Documentary": 97444552.00096154,
    "Crime Documentary": 72834106.70661765,
    "Military Documentary": 105279793.71517858,
    "Music Documentary": 84513856.8675,
    "Nature Documentary": 101664928.58437501,
    "Faith & Spirituality Documentary": 110904158.09204546,
    "Travel Documentary": 110904158.09204546,
    "Extreme Sport": 70592960.85062501,
    "Concert": 115764872.53942308,
    "Political Documentary": 110866423.53942308,
    "Korean Drama": 134655214.45568183,
    "Holiday Family": 119126745.53942308,
    "Holiday Romance": 125549932.33416668,
    "Vampire Horror": 110186213.0006579,
    "Film Noir": 37429257.06098485,
    "Classical Western": 73741387.05955882,
    "Teen Horror": 79310250.97007576,
    "Werewolf Horror": 113886310.09204546,
    "Giallo": 112868806.09204546,
    "Found Footage Horror": 111412403.53942308,
    "Mockumentary": 100269615.78660715,
    "Screwball Comedy": 101569156.08437501,
    "Holiday Animation": 139773586.63750002,
    "News": 49122156.9605,
    "Food Documentary": 101936133.50104167,
    "Soccer": 98167669.57232143,
    "Samurai": 111161101.18295455
}