{
    "United States": 131938010.89586051,
    "United Kingdom": 128379841.54675135,
    "Germany": 109667142.88909721,
    "Bulgaria": 104301713.60609569,
    "Spain": 111028340.90910947,
    "Switzerland": 99420845.72729701,
    "France": 90112304.28417034,
    "Belgium": 44419215.13638118,
    "New Zealand": 166914340.3586034,
    "South Korea": 76591498.8042201,
    "Japan": 196142094.45554045,
    "China": 152641303.19430828,
    "Mexico": 118163199.62274306,
    "Australia": 178768284.01491347,
    "Singapore": 114908546.88387346,
    "India": 151754856.83145255,
    "Italy": 84028155.45317762,
    "Sweden": 61841816.77868358,
    "Canada": 160187726.46818575,
    "Ireland": 67349034.21971451,
    "Thailand": 156752036.64174837,
    "Croatia": 128924763.76228634,
    "Hungary": 135227399.67945907,
    "Hong Kong": 170517191.0658525,
    "Luxembourg": 84219263.46064815,
    "Norway": 87935111.11935765,
    "Netherlands": 91900572.6322601,
    "Czech Republic": 95337127.04135102,
    "Finland": 89534264.86064816,
    "Occupied Palestinian Territory": 100052548.90914352,
    "Qatar": 104393762.49247687,
    "United Arab Emirates": 122152774.93185765,
    "Denmark": 98335187.24677579,
    "Lithuania": 111900536.90088385,
    "West Germany": 64805895.09548612,
    "Poland": 80556341.75939544,
    "Colombia": 109228700.4463384,
    "Taiwan": 132917039.11935765,
    "Argentina": 144458034.99247685,
    "Bangladesh": 101800586.8258102,
    "South Africa": 92104813.27276236,
    "Romania": 99144147.13640873,
    "Russia": 82559734.9939815,
    "Morocco": 179406278.06498018,
    "Chile": 94400730.2238248,
    "Iceland": 168821763.80685765,
    "Bahamas": 165003019.71906567,
    "Panama": 108968011.99179293,
    "Latvia": 101523843.15914352,
    "Malta": 165047946.5273148,
    "Ukraine": 99876298.40914352,
    "Tunisia": 109060581.99179293,
    "Saudi Arabia": 90089868.4935516,
    "Cyprus": 109060581.99179293,
    "Puerto Rico": 115724659.17361112,
    "Austria": 97000940.06498016,
    "Israel": 109456615.26452021,
    "Iran": 109035417.99179293,
    "Brazil": 89174348.55054013,
    "Greece": 102702939.8258102,
    "Serbia": 104561405.8258102,
    "Malaysia": 109008457.71906567,
    "Jordan": 157719014.06997865,
    "Gambia": 173918183.90088385,
    "Senegal": 109002303.62815657,
    "Benin": 109002303.62815657,
    "Soviet Union": 110853210.26452021,
    "Cambodia": 101837848.90914352,
    "Aruba": 111054560.3554293,
    "Philippines": 114435136.17361112,
    "Estonia": 109015212.80997476,
    "Slovenia": 109015212.80997476,
    "Vietnam": 108991789.80997476,
    "Indonesia": 109352918.99179293,
    "Kenya": 109352918.99179293,
    "Ghana": 109352918.99179293,
    "Egypt": 109352918.99179293,
    "Iraq": 154294252.90088385,
    "Slovakia": 109648438.26452021,
    "Algeria": 128325461.3258102,
    "Portugal": 113956450.3554293,
    "Serbia and Montenegro": 118951711.99179293
}