{
    "Russia": 91793106.3154762,
    "United States": 133744873.23585027,
    "Canada": 148365526.9648847,
    "United Kingdom": 133047214.34917153,
    "China": 183912341.080303,
    "France": 90813171.4927293,
    "Ireland": 70422843.61622807,
    "South Korea": 89250628.51893939,
    "New Zealand": 146141864.5295699,
    "Japan": 183100261.28725487,
    "Norway": 90398968.25793651,
    "India": 144158268.39583334,
    "Mexico": 123049547.0899123,
    "Hong Kong": 166580614.83630952,
    "United Arab Emirates": 94187503.26282051,
    "Germany": 98530661.540378,
    "South Africa": 109218190.78472222,
    "Austria": 86116979.21354167,
    "Italy": 68977961.38939394,
    "Croatia": 107804185.11805557,
    "Australia": 159048748.50672042,
    "Denmark": 101699255.26488097,
    "Sweden": 66024194.55902778,
    "Poland": 67017678.928030305,
    "Chile": 86364720.56111112,
    "Romania": 106248775.10119048,
    "Hungary": 130139109.02192985,
    "Singapore": 97914629.96111111,
    "West Germany": 75423807.67156863,
    "Latvia": 102626855.36805557,
    "Yugoslavia": 110626528.31060606,
    "Iceland": 187072841.1510417,
    "Netherlands": 73918692.37083334,
    "Spain": 116606698.51302084,
    "Brazil": 88387617.33854167,
    "Switzerland": 70683174.83630952,
    "Malta": 203165147.1510417,
    "Syria": 110190781.58333334,
    "Jordan": 153560000.28472224,
    "Ukraine": 101011108.36805557,
    "Israel": 94526544.0320513,
    "Belgium": 42507992.45601852,
    "Cambodia": 112257846.40151516,
    "Bangladesh": 102903599.03472222,
    "Aruba": 112257846.40151516,
    "Taiwan": 133955436.24404763,
    "Thailand": 115956540.17261906,
    "Morocco": 172480542.17261907,
    "Czech Republic": 102334556.79166669,
    "Bulgaria": 84387332.25980392,
    "Tunisia": 110263868.0378788,
    "Saudi Arabia": 110263868.0378788,
    "Cyprus": 110263868.0378788,
    "Luxembourg": 84481383.08854167,
    "Argentina": 145407168.78472224,
    "Bahamas": 166206305.76515153,
    "Portugal": 115159736.40151516,
    "Panama": 137470023.67424244,
    "Greece": 97835935.95512821,
    "Iran": 110238704.0378788,
    "Turkey": 105633549.86805557,
    "Slovakia": 105635770.53472222,
    "Serbia": 105664418.03472222,
    "Occupied Palestinian Territory": 101155561.11805557,
    "Qatar": 110183818.12878789,
    "Algeria": 110241255.76515152,
    "Indonesia": 110219830.49242425,
    "Soviet Union": 112056496.31060606,
    "Serbia and Montenegro": 120154998.0378788,
    "Peru": 110154207.85606061,
    "Lithuania": 113103822.9469697,
    "Iraq": 155497538.94696972,
    "Puerto Rico": 116927945.21969698,
    "Colombia": 110431986.49242425,
    "Estonia": 110214402.0378788,
    "Finland": 111170107.58333334,
    "Philippines": 115638422.21969698,
    "Malaysia": 110211743.76515152
}