{
    "Period Drama": 109645083.09592015,
    "Biography": 72215976.54775642,
    "Drama": 82979431.81121688,
    "History": 65284468.63017429,
    "Musical": 113815546.95194647,
    "Romance": 101423873.83092177,
    "Classical Western": 73338518.37745099,
    "Western": 47794636.61137071,
    "Dark Comedy": 71507142.37663399,
    "Comedy": 147039005.7155839,
    "Sport": 66724857.75102249,
    "Feel-Good Romance": 163558155.46069184,
    "Romantic Comedy": 119428469.06794873,
    "Time Travel": 198222238.29666668,
    "Fantasy": 246796422.2711506,
    "Sci-Fi": 256984479.71687368,
    "Docudrama": 100479881.41790123,
    "True Crime": 75139586.29315476,
    "Action": 214334775.6315639,
    "Crime": 89182352.53055556,
    "Thriller": 111665147.79811828,
    "Adventure": 263392518.3954762,
    "War": 79639970.7878323,
    "Historical Epic": 80000500.30376345,
    "War Epic": 125260718.87592593,
    "Body Horror": 85165164.93910258,
    "Monster Horror": 128525110.1226852,
    "Psychological Horror": 80062471.69848485,
    "Tragedy": 90473242.57005899,
    "Horror": 85032629.8265199,
    "Sword & Sorcery": 369333033.7876344,
    "Teen Adventure": 340255718.6263441,
    "Teen Fantasy": 355445092.94345236,
    "Family": 234184879.60276532,
    "Mystery": 120198378.70277779,
    "Boxing": 133970431.17666668,
    "Dark Fantasy": 161503225.88247865,
    "Supernatural Horror": 108110754.5967262,
    "Parody": 137500024.2615741,
    "Space Sci-Fi": 264420855.67824072,
    "Superhero": 332475642.4382184,
    "Supernatural Fantasy": 326664375.3420139,
    "Extreme Sport": 71794471.3377193,
    "Mountain Adventure": 101836814.6127451,
    "Sports Documentary": 85144846.82777779,
    "Documentary": 29060360.400234744,
    "Disaster": 221412788.11507937,
    "Music": 80949656.23186274,
    "Action Epic": 303362849.7795139,
    "Alien Invasion": 212501900.86519608,
    "Sci-Fi Epic": 321324584.5671296,
    "Basketball": 82902108.89236112,
    "Slasher Horror": 80804173.01262628,
    "Martial Arts": 150689121.13141027,
    "Jukebox Musical": 134448602.65773812,
    "Psychological Thriller": 117447747.93721461,
    "Dark Romance": 92772313.04885058,
    "Psychological Drama": 91229817.08442983,
    "Steamy Romance": 102491300.94722223,
    "Teen Drama": 102966968.51157409,
    "Teen Romance": 133989914.27150539,
    "Motorsport": 156780541.54365078,
    "Dystopian Sci-Fi": 212387044.14247313,
    "Survival": 155750560.0899123,
    "Zombie Horror": 130138690.56439395,
    "Raunchy Comedy": 152725219.24621212,
    "Epic": 172256135.80018938,
    "High-Concept Comedy": 202993718.76992753,
    "Holiday Comedy": 154586856.17261907,
    "Holiday Romance": 99496761.18589744,
    "Satire": 107763961.10349463,
    "Workplace Drama": 106690531.25666668,
    "Financial Drama": 90580310.46354167,
    "Computer Animation": 348427720.10235506,
    "Animation": 247353626.90212527,
    "Holiday Family": 144420641.0277778,
    "Slapstick": 181945810.3712121,
    "Urban Adventure": 359069970.5813492,
    "Holiday": 127955982.74537039,
    "Showbiz Drama": 159764323.16358027,
    "Contemporary Western": 93813037.74621212,
    "Cop Drama": 115850453.89236112,
    "Drug Crime": 102145469.56439395,
    "Baseball": 79707049.26736112,
    "Political Drama": 118654164.88055557,
    "Buddy Comedy": 169751149.40503877,
    "Animal Adventure": 225040049.3530303,
    "Erotic Thriller": 140016987.06746033,
    "Adult Animation": 82649278.28525642,
    "Hand-Drawn Animation": 123149633.668239,
    "Serial Killer": 133808117.25574714,
    "Political Thriller": 138824745.5398551,
    "Tragic Romance": 141918421.37666667,
    "History Documentary": 89992280.02976191,
    "Football": 96441499.18402779,
    "Jungle Adventure": 157950678.91091955,
    "Fantasy Epic": 234575121.66927084,
    "Splatter Horror": 68293497.33666667,
    "Teen Horror": 75027332.63802084,
    "Desert Adventure": 146185195.75617287,
    "Gangster": 119604349.44345239,
    "Caper": 118613400.87083335,
    "Coming-of-Age": 108277390.28140096,
    "Globetrotting Adventure": 347388461.0863095,
    "Costume Drama": 101962979.92171718,
    "Vampire Horror": 97569443.28508772,
    "Quirky Comedy": 140305685.42283952,
    "One-Person Army Action": 120983502.01436783,
    "Pop Musical": 170175428.73177084,
    "Quest": 247493910.6736111,
    "Road Trip": 120785602.79166669,
    "Legal Drama": 103821143.58630954,
    "Fairy Tale": 269217165.740991,
    "Swashbuckler": 214957738.05902776,
    "Farce": 113783383.78174604,
    "Suspense Mystery": 129301646.1463964,
    "Steampunk": 129043126.15104167,
    "Film Noir": 36159827.835784316,
    "Medical Drama": 106155447.08854167,
    "Sea Adventure": 240297668.40079367,
    "Heist": 105459494.6127451,
    "Whodunnit": 125422877.47348486,
    "Adventure Epic": 255211458.28549382,
    "Anime": 90924847.57098767,
    "Shōnen": 97650111.10897437,
    "Rock Musical": 89954037.75724638,
    "Cyberpunk": 143890552.5189394,
    "Conspiracy Thriller": 124022512.5189394,
    "Water Sport": 82510195.71354167,
    "Teen Comedy": 103437019.91468255,
    "Police Procedural": 102348041.28525642,
    "Romantic Epic": 143393404.3090278,
    "Western Epic": 104743530.44345239,
    "Dinosaur Adventure": 241268002.2135417,
    "Mockumentary": 102931787.36805557,
    "Folk Horror": 86958296.89444445,
    "Witch Horror": 90404066.96111111,
    "Prison Drama": 111167974.2007576,
    "News": 67359657.91203704,
    "B-Action": 103296443.86805557,
    "Cyber Thriller": 107129798.88690476,
    "Korean Drama": 116783634.10897437,
    "Crime Documentary": 72002975.67156863,
    "Nature Documentary": 110261749.58333334,
    "Artificial Intelligence": 176095231.59294873,
    "Body Swap Comedy": 185803690.1011905,
    "Sword & Sandal": 166731742.9010417,
    "Soccer": 103753164.72435898,
    "B-Horror": 82331680.90104167,
    "Stop Motion Animation": 123442698.83854167,
    "Gun Fu": 206919045.0885417,
    "Screwball Comedy": 100993536.86805557,
    "Sketch Comedy": 113033156.21969698,
    "Military Documentary": 104786405.8154762,
    "Kaiju": 222810940.71376812,
    "Hard-boiled Detective": 104351248.43627451,
    "Isekai": 135831913.12878788,
    "Legal Thriller": 102518695.72083333,
    "Bumbling Detective": 118113057.2013889,
    "Spy": 189527481.10069445,
    "Kung Fu": 189017561.80128208,
    "Wuxia": 167643327.12878788,
    "Werewolf Horror": 101384745.3397436,
    "Car Action": 147868703.14215687,
    "Spaghetti Western": 102186531.86805557,
    "Classic Musical": 66208212.32246377,
    "Music Documentary": 83305841.96111111,
    "Political Documentary": 124346218.03472222,
    "Food Documentary": 102697144.11805557,
    "Samurai": 110533152.9469697,
    "Holiday Animation": 119953804.67424244,
    "Stoner Comedy": 94751198.95833334,
    "Talk Show": 110308369.31060606,
    "Iyashikei": 104372313.03472222,
    "Buddy Cop": 178499927.02976194,
    "Concert": 111659649.8154762,
    "Slice of Life": 112955568.49242425,
    "Giallo": 112240857.85606061,
    "Cozy Mystery": 111361073.76515152,
    "Found Footage Horror": 118832033.36805557,
    "Science & Technology Documentary": 110177135.76515152
}