{
    "United States": 132873624.29857954,
    "Japan": 185920337.85406554,
    "France": 83355729.0860273,
    "United Kingdom": 134752249.43678975,
    "India": 167740197.6080163,
    "Canada": 157275801.97250682,
    "Germany": 106386164.3330592,
    "China": 145358450.27215907,
    "South Korea": 77077594.96033654,
    "Czech Republic": 97552242.49857955,
    "Australia": 164898817.22625,
    "Mexico": 117924949.48704268,
    "Morocco": 175350110.99791667,
    "Malta": 178263317.33125,
    "Bulgaria": 107182305.77604167,
    "Iceland": 171644967.9982639,
    "Ireland": 76267632.07421875,
    "Hong Kong": 187090878.31875,
    "Bahamas": 152652532.83072916,
    "Belgium": 46078059.046875,
    "Spain": 113167150.69150642,
    "Italy": 75822590.89182693,
    "Switzerland": 86728965.1023707,
    "New Zealand": 165044698.97355768,
    "Finland": 83175201.82169117,
    "West Germany": 69481347.27604167,
    "Taiwan": 138344232.38221154,
    "Argentina": 121302606.06458333,
    "Thailand": 159633054.7204861,
    "Singapore": 121564436.58639705,
    "Latvia": 102400772.33072917,
    "Luxembourg": 85517091.62304688,
    "Algeria": 129202390.49739583,
    "Brazil": 98478885.82169117,
    "Russia": 84749249.39791666,
    "Denmark": 88670228.56152344,
    "Norway": 66621749.04403409,
    "Chile": 88042888.06458333,
    "Austria": 98201859.35491072,
    "South Africa": 98061519.11580883,
    "Hungary": 98676649.7984375,
    "Sweden": 60672773.391741075,
    "Poland": 63765636.30298913,
    "Saudi Arabia": 104750531.83072917,
    "Syria": 109944145.54261364,
    "Jordan": 103587135.45913461,
    "Ukraine": 93034270.5360577,
    "Israel": 94317851.99759616,
    "Peru": 105553916.74739583,
    "Netherlands": 69991863.08948864,
    "Greece": 97627243.92067307,
    "Turkey": 112288596.17897727,
    "Malaysia": 109965107.72443181,
    "Indonesia": 101177631.9140625,
    "Soviet Union": 102492701.83072917,
    "Kenya": 110309568.9971591,
    "United Arab Emirates": 79112037.87304688,
    "Ghana": 110309568.9971591,
    "Egypt": 101127458.58072917,
    "Occupied Palestinian Territory": 100929478.08072917,
    "Qatar": 109937182.08806819,
    "Estonia": 100863091.83072917,
    "Slovenia": 109971862.8153409,
    "Romania": 99895800.71205357,
    "Colombia": 110185350.45170455,
    "Slovakia": 110605088.26988636,
    "Croatia": 129734236.84375,
    "Serbia": 105438334.99739583,
    "Portugal": 114913100.36079545,
    "Philippines": 115391786.17897727,
    "Lithuania": 112857186.90625,
    "Cambodia": 102714778.08072917,
    "Vietnam": 109948439.8153409,
    "Panama": 109924661.9971591,
    "Bangladesh": 112011210.36079545,
    "Aruba": 112011210.36079545,
    "Iran": 109992067.9971591,
    "Yugoslavia": 110379892.26988636
}