{
    "Martial Arts": 157072265.65081522,
    "Action": 208336515.66952434,
    "Comedy": 150930786.27666405,
    "Animal Adventure": 237573307.35888672,
    "Computer Animation": 335868011.7443484,
    "Fairy Tale": 280826095.7947443,
    "Quest": 244231077.7138393,
    "Swashbuckler": 193295126.19895834,
    "Adventure": 257733244.40248397,
    "Animation": 239591031.58730468,
    "Family": 231245488.71781516,
    "Sci-Fi Epic": 326096207.9108456,
    "Space Sci-Fi": 285809195.63338417,
    "Sci-Fi": 254539676.17901012,
    "Action Epic": 307038115.8615302,
    "Costume Drama": 86566222.13802083,
    "Epic": 197290879.7016226,
    "Historical Epic": 96757495.19910714,
    "One-Person Army Action": 112746066.35817307,
    "Period Drama": 106430319.40875,
    "Tragedy": 101286640.14479962,
    "Drama": 83733420.70211746,
    "History": 61898442.96573153,
    "Holiday Comedy": 171593755.0569853,
    "Fantasy": 238594616.61247185,
    "Holiday": 152762271.9984375,
    "Mystery": 120563176.28465909,
    "Dark Fantasy": 208690789.50956634,
    "Supernatural Fantasy": 292597333.68911636,
    "Survival": 140526807.70970395,
    "Superhero": 372310620.047123,
    "War": 75062206.47809103,
    "Conspiracy Thriller": 113661114.60602678,
    "Dystopian Sci-Fi": 207152789.2964527,
    "Thriller": 110082674.95105962,
    "Alien Invasion": 205238346.05320945,
    "Buddy Comedy": 168335734.21210107,
    "Buddy Cop": 178306141.56919643,
    "High-Concept Comedy": 202722814.95768228,
    "Urban Adventure": 363740383.7886513,
    "Gun Fu": 239972319.84046054,
    "Crime": 89569293.77862279,
    "Cop Drama": 107380259.23875,
    "Gangster": 97230458.28459822,
    "Heist": 94371593.99835527,
    "Artificial Intelligence": 136913228.46033654,
    "Cyberpunk": 147089645.08203125,
    "Adventure Epic": 270217161.9994213,
    "Psychological Thriller": 115392612.80729167,
    "Sword & Sandal": 203805386.6484375,
    "Dark Comedy": 90166701.86375,
    "Raunchy Comedy": 183994067.99879807,
    "Teen Adventure": 335570659.02767855,
    "Disaster": 210845592.1290761,
    "Serial Killer": 125966333.16028225,
    "Cyber Thriller": 107434549.12304688,
    "Romance": 104888475.81505682,
    "Kaiju": 214412493.2160326,
    "Road Trip": 121579360.90221775,
    "Globetrotting Adventure": 298404055.5173611,
    "Spy": 194888575.23875,
    "Sword & Sorcery": 387854637.0703125,
    "Time Travel": 205564846.40625,
    "Contemporary Western": 99501807.59875,
    "Drug Crime": 106393854.31676136,
    "Caper": 111420446.62369792,
    "Car Action": 190369291.68256578,
    "Music": 89114502.12262426,
    "Desert Adventure": 143222025.46777344,
    "Splatter Horror": 64546346.45060484,
    "Horror": 84279817.85618094,
    "Quirky Comedy": 119869080.54450758,
    "Monster Horror": 133000773.4157986,
    "War Epic": 123010626.71671195,
    "Slapstick": 189459081.50768444,
    "Fantasy Epic": 252819224.65409482,
    "Political Thriller": 141280733.5173611,
    "Steamy Romance": 104273493.45060484,
    "Bumbling Detective": 116385507.08806819,
    "Dark Romance": 95443392.1099537,
    "Supernatural Horror": 113339589.41744404,
    "Tragic Romance": 143772808.24888393,
    "Romantic Comedy": 124636619.0828993,
    "Teen Comedy": 104312756.99939904,
    "Teen Fantasy": 326462589.165625,
    "Teen Romance": 120146127.40527344,
    "Body Horror": 86005024.5173611,
    "Folk Horror": 96392983.84375,
    "Witch Horror": 96226997.49776785,
    "Zombie Horror": 108344238.22585227,
    "Biography": 70157007.06847924,
    "Police Procedural": 101108046.07572116,
    "Coming-of-Age": 102087331.2890625,
    "Teen Drama": 89761906.41236413,
    "Sport": 70858860.07673816,
    "Sea Adventure": 226718579.9484375,
    "Anime": 95520497.14174107,
    "Farce": 95172379.11875,
    "Stop Motion Animation": 92081230.27604167,
    "Spaghetti Western": 78424922.24804688,
    "Western Epic": 102137232.78027344,
    "Western": 50946845.226628155,
    "Erotic Thriller": 128701181.453125,
    "Jungle Adventure": 176869830.89547414,
    "Docudrama": 97845523.74655032,
    "Feel-Good Romance": 172292655.28242925,
    "Parody": 159877393.9180743,
    "Satire": 119694665.9175205,
    "Psychological Drama": 105481157.0234375,
    "B-Horror": 80034654.17463236,
    "Slasher Horror": 77060472.53766026,
    "Pop Musical": 184755155.51420453,
    "Musical": 117898463.193125,
    "Classic Musical": 72244059.04036458,
    "Shōnen": 97441419.07451923,
    "Hand-Drawn Animation": 131905766.1422991,
    "Romantic Epic": 155938171.1060268,
    "Psychological Horror": 75772757.44587053,
    "Motorsport": 176954508.4769022,
    "Shōjo": 146756319.8153409,
    "Adult Animation": 89767231.03587963,
    "Jukebox Musical": 156885460.4828629,
    "Documentary": 27273560.133765243,
    "Slice of Life": 114737842.83072917,
    "Dinosaur Adventure": 200780322.53125,
    "Mecha": 111810882.08806819,
    "Steampunk": 125772515.23345588,
    "Body Swap Comedy": 176030988.93554688,
    "Holiday Animation": 136307422.1640625,
    "Holiday Family": 155156676.87304688,
    "Basketball": 81959223.46033654,
    "Iyashikei": 104146229.99739583,
    "Political Drama": 100871966.61672795,
    "Hard-boiled Detective": 104111934.35110295,
    "Legal Drama": 106074033.60602678,
    "Legal Thriller": 110387621.5440341,
    "Kung Fu": 189467241.1640625,
    "Wuxia": 167396691.0880682,
    "Boxing": 125317717.18402778,
    "True Crime": 76080573.52489407,
    "Workplace Drama": 90059238.65264423,
    "Rock Musical": 101870551.3984375,
    "Football": 93035050.62847222,
    "Showbiz Drama": 161239560.90814394,
    "Baseball": 83394472.95089285,
    "Medical Drama": 105985884.81054688,
    "Prison Drama": 110126660.68039773,
    "Water Sport": 85502210.31054688,
    "Mountain Adventure": 103623364.9982639,
    "Financial Drama": 82198671.93554688,
    "Whodunnit": 128963850.6141827,
    "Stoner Comedy": 105458298.49739583,
    "Cozy Mystery": 138352430.45170453,
    "Korean Drama": 116574942.07451923,
    "Suspense Mystery": 127336367.40401785,
    "Vampire Horror": 106401432.33184524,
    "Crime Documentary": 64289487.472039476,
    "Sports Documentary": 79744096.06054688,
    "History Documentary": 89798494.56919643,
    "Military Documentary": 104592620.35491072,
    "Music Documentary": 78653182.81054688,
    "Nature Documentary": 93237449.22836539,
    "Extreme Sport": 73096149.10361843,
    "Travel Documentary": 110309568.9971591,
    "Concert": 104806559.53125,
    "Political Documentary": 106404214.42633928,
    "Food Documentary": 94942994.76682693,
    "Faith & Spirituality Documentary": 110064267.17897727,
    "Holiday Romance": 110108912.49776785,
    "Film Noir": 30844678.12421875,
    "Sketch Comedy": 104633451.58072917,
    "Classical Western": 69114437.88715278,
    "Teen Horror": 78610579.68652344,
    "Werewolf Horror": 106761543.6640625,
    "Found Footage Horror": 110672370.68990384,
    "Screwball Comedy": 100767453.83072917,
    "Mockumentary": 113810326.58072917,
    "News": 55232479.90767045,
    "Science & Technology Documentary": 109930499.72443181,
    "Soccer": 101688475.92067307,
    "B-Action": 97231149.68990384,
    "Talk Show": 110061733.26988636,
    "Samurai": 110286516.90625
}