{
    "Caper": 104784940.1630291,
    "Film Noir": 36221935.60069445,
    "Action": 208110416.94141206,
    "Crime": 98038952.36072531,
    "Drama": 87243605.18157586,
    "Dark Comedy": 85517866.50789411,
    "Comedy": 143495973.85115334,
    "Sport": 67208965.07139757,
    "Coming-of-Age": 86876860.96211192,
    "Psychological Horror": 78257360.94632523,
    "Horror": 82121035.51257262,
    "Feel-Good Romance": 170054559.85144335,
    "Romantic Comedy": 121774831.97779733,
    "Time Travel": 206871856.4169444,
    "Fantasy": 248265069.54807967,
    "Romance": 103533490.09258506,
    "Sci-Fi": 258476795.71964538,
    "Docudrama": 104605465.90399703,
    "True Crime": 84141067.68723793,
    "Biography": 74370307.1670221,
    "Thriller": 110146544.92122953,
    "Adventure": 260036512.19154435,
    "History": 67344087.34489217,
    "War": 80237629.94051932,
    "Body Horror": 84779179.16383745,
    "Monster Horror": 115349947.88078704,
    "Tragedy": 101591845.12315239,
    "Boxing": 127928088.08655754,
    "Period Drama": 116089463.00741464,
    "Dark Fantasy": 212985871.07608023,
    "Supernatural Horror": 110367248.17451131,
    "Parody": 115548917.26059027,
    "Western": 48923027.691282235,
    "Suspense Mystery": 109426469.6600976,
    "Whodunnit": 122618777.01629274,
    "Mystery": 118099770.9623217,
    "Space Sci-Fi": 256290991.4536356,
    "Superhero": 367623220.08042926,
    "Supernatural Fantasy": 322192300.7084722,
    "Family": 235365235.3337552,
    "Musical": 128021373.1944937,
    "Extreme Sport": 76730290.08374183,
    "Mountain Adventure": 102164791.78962418,
    "Sports Documentary": 80262134.0889757,
    "Documentary": 21855254.894118655,
    "Disaster": 200545655.17118055,
    "Music": 85501097.82575372,
    "Action Epic": 316526765.66138285,
    "Alien Invasion": 161917474.94564176,
    "Sci-Fi Epic": 287014239.7632379,
    "Basketball": 88627795.5647096,
    "Slasher Horror": 82372256.14745371,
    "Martial Arts": 140462904.01765046,
    "Jukebox Musical": 140464618.7387452,
    "Psychological Thriller": 107306988.83975168,
    "Anime": 111608650.20087449,
    "One-Person Army Action": 128962275.40076165,
    "Survival": 188133562.79448783,
    "Animation": 247083938.75650433,
    "Dark Romance": 122367614.36624396,
    "Psychological Drama": 102863361.45557949,
    "Steamy Romance": 111792169.25598659,
    "Teen Drama": 91006091.83137465,
    "Teen Romance": 117531806.2717294,
    "Workplace Drama": 96834681.84219348,
    "Financial Drama": 91719378.69490741,
    "Dystopian Sci-Fi": 218086413.49781746,
    "Zombie Horror": 131644341.45320049,
    "Raunchy Comedy": 175255182.4009081,
    "Jungle Adventure": 187365422.20087448,
    "Satire": 113843046.74464935,
    "Faith & Spirituality Documentary": 110783083.67487374,
    "Travel Documentary": 101920030.36863427,
    "High-Concept Comedy": 196325865.55770501,
    "Holiday Comedy": 178392104.1514757,
    "Holiday Family": 165343998.4949074,
    "Slapstick": 157421417.44411892,
    "Urban Adventure": 363562677.7544516,
    "Holiday": 155969293.8644006,
    "Showbiz Drama": 160054640.39391762,
    "Contemporary Western": 89357535.55931713,
    "Cop Drama": 129716165.44874339,
    "Drug Crime": 93059487.92118056,
    "Baseball": 83789168.59160054,
    "Historical Epic": 128791055.40798612,
    "Political Drama": 110033404.39391762,
    "Animal Adventure": 232040591.5162037,
    "Computer Animation": 348860671.2520425,
    "Adventure Epic": 246114238.25385803,
    "Epic": 203349680.0738346,
    "Fantasy Epic": 226910967.42840037,
    "Erotic Thriller": 147062901.72118056,
    "Quirky Comedy": 121993565.23947133,
    "Serial Killer": 100070177.43936966,
    "Political Thriller": 153370868.27928743,
    "History Documentary": 96483704.6479701,
    "Sword & Sorcery": 336854038.6316773,
    "Teen Adventure": 316590517.10698783,
    "Splatter Horror": 69571312.14885266,
    "Teen Horror": 86044986.42309672,
    "Desert Adventure": 137569164.37227184,
    "News": 49074181.736944444,
    "Pop Musical": 194135337.41948783,
    "Globetrotting Adventure": 305179996.36244655,
    "Steampunk": 115519020.2764757,
    "Costume Drama": 119958765.9045782,
    "War Epic": 143868939.77199072,
    "Hand-Drawn Animation": 129324422.9066043,
    "Quest": 207801659.00694445,
    "Road Trip": 108649125.4778312,
    "Farce": 82453148.4973659,
    "Teen Comedy": 98123348.42845607,
    "Legal Drama": 113865701.7855235,
    "Buddy Comedy": 152295645.33517572,
    "Fairy Tale": 263216632.21210322,
    "Swashbuckler": 215086017.31412035,
    "Football": 96361784.73445767,
    "Conspiracy Thriller": 120492977.53694445,
    "Medical Drama": 106503922.8389757,
    "Sea Adventure": 259745849.44874337,
    "Gangster": 100725815.73874521,
    "Heist": 100157036.8389757,
    "Car Action": 203267935.80131173,
    "Motorsport": 180155404.36624396,
    "Spy": 185915724.92493385,
    "Rock Musical": 90849188.20087449,
    "Adult Animation": 94814606.15561868,
    "Slice of Life": 115428560.2019676,
    "Tragic Romance": 136569973.41694444,
    "Cyberpunk": 161207248.70107323,
    "Nature Documentary": 101553943.7019676,
    "Vampire Horror": 127020711.1514757,
    "Romantic Epic": 145606040.55931714,
    "Water Sport": 84926337.62824075,
    "Teen Fantasy": 303704354.24706197,
    "Police Procedural": 102101834.55931713,
    "Western Epic": 104994774.13167736,
    "Dinosaur Adventure": 243273402.8484477,
    "Mockumentary": 107135597.9556624,
    "Folk Horror": 90103689.81597222,
    "Witch Horror": 96692465.95882937,
    "B-Action": 96909995.6479701,
    "Artificial Intelligence": 171738095.73694444,
    "Stop Motion Animation": 121467832.43668301,
    "Cyber Thriller": 120322706.38740079,
    "Korean Drama": 117212527.34027778,
    "Sword & Sandal": 190335822.23282164,
    "Crime Documentary": 68712077.63464506,
    "Soccer": 114549471.22032829,
    "B-Horror": 96255642.87873933,
    "Spaghetti Western": 79846444.5264757,
    "Gun Fu": 257516055.82824075,
    "Prison Drama": 101381618.15561868,
    "Screwball Comedy": 110679655.40214647,
    "Body Swap Comedy": 184449594.31597224,
    "Sketch Comedy": 113540030.0385101,
    "Military Documentary": 112629485.1294192,
    "Kaiju": 235676150.62118053,
    "Hard-boiled Detective": 100187094.73080066,
    "Isekai": 136338786.94760102,
    "Legal Thriller": 123900891.47118056,
    "Bumbling Detective": 118577691.53530093,
    "Kung Fu": 177231099.3402778,
    "Wuxia": 168150200.94760102,
    "Werewolf Horror": 113765235.67487374,
    "Classical Western": 82521790.89490741,
    "Political Documentary": 101457067.11863427,
    "Holiday Animation": 136998139.53530094,
    "Classic Musical": 75624888.45320049,
    "Shōjo": 147509829.67487374,
    "Food Documentary": 101825148.61863427,
    "Samurai": 111040026.76578283,
    "Stoner Comedy": 95149456.95882937,
    "Concert": 105359133.42824075,
    "Music Documentary": 88737599.81597222,
    "Talk Show": 110815243.1294192,
    "Iyashikei": 104836947.36863427,
    "Buddy Cop": 175574608.41720086,
    "Shōnen": 105061098.53530093,
    "Giallo": 112747731.67487374,
    "Cozy Mystery": 111867947.58396465,
    "Found Footage Horror": 106219603.9519676,
    "Science & Technology Documentary": 110684009.58396465,
    "Mecha": 112564391.94760102,
    "Holiday Romance": 133458845.40214647
}