{
    "Russia": 79447982.92751737,
    "United States": 134679368.49598777,
    "Canada": 162037063.69893518,
    "United Kingdom": 137997028.3234099,
    "China": 180048693.03407922,
    "South Korea": 75834981.25334363,
    "New Zealand": 159965914.6618266,
    "France": 92132878.95226853,
    "Japan": 195104170.57892773,
    "Finland": 83918789.0494281,
    "India": 172516695.0190972,
    "Mexico": 114130649.16286376,
    "Hong Kong": 123222869.9933449,
    "United Arab Emirates": 84230811.38935186,
    "Germany": 102638033.36291957,
    "South Africa": 100648380.55251737,
    "Ireland": 68541425.02400793,
    "Denmark": 94909108.93250868,
    "Norway": 70656465.56382276,
    "Sweden": 67344997.44728535,
    "Netherlands": 86576093.31092173,
    "Spain": 121644524.46375868,
    "Estonia": 102683238.98668982,
    "Slovenia": 111957477.89457072,
    "Belgium": 52918666.33829366,
    "Austria": 101794984.21848291,
    "Italy": 79210405.56621169,
    "Croatia": 131414372.68002138,
    "Australia": 160654098.87048063,
    "Switzerland": 102427119.95858134,
    "Thailand": 169645944.11501735,
    "Romania": 100454499.92268519,
    "Hungary": 131079176.44201389,
    "Singapore": 128339820.72268519,
    "Czech Republic": 98035603.29740338,
    "Greece": 92379391.27430557,
    "West Germany": 67780011.99159357,
    "Poland": 76970462.76890433,
    "Latvia": 104220919.48668982,
    "Yugoslavia": 112365507.34911618,
    "Iceland": 115494506.06001985,
    "Panama": 127624291.40335649,
    "Brazil": 102558055.99001737,
    "Qatar": 107090838.82002316,
    "Malta": 206498175.2847222,
    "Syria": 111929760.62184344,
    "Jordan": 143559632.06463677,
    "Ukraine": 94714406.37232907,
    "Israel": 95997987.83386753,
    "Chile": 94088437.13144842,
    "Cambodia": 104534925.23668982,
    "Bangladesh": 104497663.15335649,
    "Aruba": 113996825.44002527,
    "Taiwan": 114446587.84573413,
    "Soviet Union": 111893139.98547982,
    "Indonesia": 102997779.07002316,
    "Kenya": 112295184.0763889,
    "Saudi Arabia": 92401648.202877,
    "Ghana": 112295184.0763889,
    "Egypt": 112295184.0763889,
    "Bulgaria": 99456748.44925214,
    "Tunisia": 112002847.0763889,
    "Cyprus": 112002847.0763889,
    "Morocco": 174350628.29540598,
    "Bahamas": 167945284.8036616,
    "Argentina": 108841365.90335649,
    "Peru": 107374063.90335649,
    "Iran": 111977683.0763889,
    "Turkey": 107227613.98668982,
    "Luxembourg": 92563907.4171627,
    "Slovakia": 107229834.65335649,
    "Occupied Palestinian Territory": 102749625.23668982,
    "Serbia and Montenegro": 121893977.0763889,
    "Lithuania": 114842801.98547982,
    "Vietnam": 111934054.89457072,
    "Colombia": 112170965.53093435,
    "Serbia": 116787860.0763889
}