{
    "Supernatural Horror": 114196154.59056123,
    "Vampire Horror": 111808035.46691176,
    "Horror": 90329196.02573529,
    "Thriller": 105806828.37999201,
    "Drama": 86203358.31158912,
    "Music": 91437405.08056359,
    "Romance": 101001267.25292969,
    "Computer Animation": 354178754.7703313,
    "Adventure": 262653793.83789062,
    "Animation": 246755004.48922414,
    "Comedy": 144903623.56221655,
    "Family": 228355754.53607956,
    "Fantasy": 247858500.61107513,
    "Musical": 128173800.79516423,
    "Body Horror": 87940996.14583333,
    "Folk Horror": 104045786.74479167,
    "Monster Horror": 140336709.99810606,
    "Superhero": 366482179.28977275,
    "Witch Horror": 90032042.59583333,
    "Zombie Horror": 121700795.08072917,
    "Action": 208299744.05999163,
    "Mystery": 106116286.51064815,
    "Coming-of-Age": 126925777.12211539,
    "Hand-Drawn Animation": 140311723.63341346,
    "Martial Arts": 132184306.07175925,
    "Period Drama": 116732090.35682398,
    "Pop Musical": 160489934.02929688,
    "Dark Comedy": 85814918.22530241,
    "Epic": 211635126.3856534,
    "Western Epic": 120527533.2199074,
    "Western": 54799098.153977275,
    "Prison Drama": 102917628.08072917,
    "Action Epic": 300806287.2028061,
    "Gun Fu": 239021148.7022059,
    "One-Person Army Action": 121471595.22678572,
    "Serial Killer": 100480099.88221154,
    "Crime": 77961849.6099359,
    "Sci-Fi Epic": 330946482.2480469,
    "Urban Adventure": 332943804.05535716,
    "Sci-Fi": 253062874.3576858,
    "Car Action": 182702346.1727941,
    "Supernatural Fantasy": 300053407.1655093,
    "Historical Epic": 103626995.82169117,
    "Swashbuckler": 232338638.56919643,
    "History": 71821836.75421779,
    "Legal Thriller": 110257286.58806819,
    "Suspense Mystery": 140384682.7482639,
    "Adult Animation": 90825177.45913461,
    "Stop Motion Animation": 118593458.71875,
    "Adventure Epic": 264660307.91709185,
    "Animal Adventure": 237390121.98135966,
    "Contemporary Western": 95871970.61607143,
    "Desert Adventure": 168330560.06919643,
    "Quirky Comedy": 130354508.70766129,
    "Slapstick": 170553121.79555085,
    "Globetrotting Adventure": 313418538.6129808,
    "Quest": 255182492.46673387,
    "High-Concept Comedy": 198814669.92708334,
    "Jungle Adventure": 195994546.67540324,
    "Artificial Intelligence": 132987283.40625,
    "Psychological Drama": 105845241.22294776,
    "Space Sci-Fi": 305317708.7922794,
    "Biography": 76182017.37878025,
    "Fantasy Epic": 266370982.80443552,
    "Sword & Sorcery": 358921503.8865741,
    "Teen Adventure": 330307740.3979167,
    "Teen Fantasy": 323047285.3723958,
    "Farce": 90374893.0375,
    "War": 83014491.43598485,
    "Satire": 115162086.73339844,
    "Film Noir": 32422934.05098684,
    "Teen Drama": 94131334.2548077,
    "Docudrama": 101914155.90602519,
    "Romantic Comedy": 124897396.98460145,
    "Buddy Comedy": 146770256.80718085,
    "Sport": 64603742.61408132,
    "Tragedy": 117587845.99936868,
    "Classic Musical": 74624877.946875,
    "Parody": 147151322.34107143,
    "Teen Horror": 76789672.71205357,
    "Costume Drama": 120625549.90719697,
    "War Epic": 127072294.84646739,
    "Jukebox Musical": 145862042.41163793,
    "Road Trip": 120951870.96064815,
    "Hard-boiled Detective": 84675197.64338236,
    "Rock Musical": 73211721.24739583,
    "Tragic Romance": 164013435.49759614,
    "True Crime": 70493082.17524509,
    "Survival": 159842217.3125,
    "Alien Invasion": 196772329.35282257,
    "Dark Romance": 96474034.7975,
    "Dark Fantasy": 201017517.0267857,
    "Showbiz Drama": 149649935.19791666,
    "Feel-Good Romance": 159141268.96033654,
    "Workplace Drama": 91117345.12771739,
    "Dystopian Sci-Fi": 191790351.68554688,
    "Romantic Epic": 156406093.6763393,
    "Basketball": 83510538.95380434,
    "Sports Documentary": 90816822.78125,
    "Documentary": 26687343.923259493,
    "Fairy Tale": 255296982.97203946,
    "Psychological Horror": 91060038.0875,
    "Gangster": 105123624.2775,
    "Mountain Adventure": 104282215.99609375,
    "Boxing": 112830013.5625,
    "Baseball": 74969830.4050926,
    "Holiday": 115952825.70220588,
    "Steamy Romance": 95814910.34267241,
    "Music Documentary": 87965262.20982143,
    "Political Drama": 109081952.43554688,
    "Sea Adventure": 258628756.0880682,
    "Whodunnit": 133460063.74739583,
    "Conspiracy Thriller": 130805875.34375,
    "Splatter Horror": 69046873.41163793,
    "Teen Comedy": 97789139.68140244,
    "Cyber Thriller": 96263890.22596154,
    "Cyberpunk": 154248855.52083334,
    "Soccer": 98867202.07211539,
    "Psychological Thriller": 110639600.11011904,
    "Kaiju": 251465370.83881578,
    "Water Sport": 82390028.24609375,
    "Holiday Comedy": 138052201.5669643,
    "Holiday Romance": 124717412.59583333,
    "Slasher Horror": 78446880.17463236,
    "Football": 100314802.77546297,
    "Heist": 100659678.68359375,
    "Classical Western": 77572499.05859375,
    "Time Travel": 199768909.88221154,
    "Mockumentary": 106277445.84134616,
    "Anime": 104057286.390625,
    "News": 52692325.04076087,
    "Drug Crime": 115499955.55859375,
    "Spy": 176505538.74739584,
    "Military Documentary": 111557687.9951923,
    "Political Documentary": 106199402.35267857,
    "Faith & Spirituality Documentary": 100765505.578125,
    "Nature Documentary": 100669336.41145833,
    "Kung Fu": 188588302.91826922,
    "Wuxia": 167136021.17613637,
    "Bumbling Detective": 129804329.14903846,
    "Police Procedural": 102644678.746875,
    "Erotic Thriller": 115068121.796875,
    "Extreme Sport": 77400810.1139706,
    "Steampunk": 118613638.40808824,
    "Motorsport": 179600208.0922619,
    "Financial Drama": 89543934.13839285,
    "Crime Documentary": 64490367.41776316,
    "Medical Drama": 117101842.56696428,
    "Political Thriller": 147428128.38221154,
    "Teen Romance": 129876895.23125,
    "Food Documentary": 100895483.828125,
    "B-Horror": 84375294.24609375,
    "Dinosaur Adventure": 229264368.8625,
    "Legal Drama": 81390438.9140625,
    "Travel Documentary": 100990365.578125,
    "Werewolf Horror": 100955486.45673077,
    "Disaster": 169896790.78618422,
    "Found Footage Horror": 110451803.84134616,
    "B-Action": 90924654.42410715,
    "Slice of Life": 114498895.41145833,
    "Buddy Cop": 174716456.3028846,
    "Raunchy Comedy": 188898066.996875,
    "Spaghetti Western": 93938636.07211539,
    "Korean Drama": 116354375.22596154,
    "Caper": 119340445.1076389,
    "Sword & Sandal": 187978759.3028846,
    "Holiday Family": 131311813.078125,
    "Body Swap Comedy": 177362236.20982143,
    "Talk Show": 109801063.35795455,
    "Sketch Comedy": 104394504.16145833,
    "Cop Drama": 123249471.64338236,
    "Shōnen": 97220852.22596154,
    "Concert": 114804272.84134616,
    "Stoner Comedy": 108228115.078125,
    "Mecha": 111550212.17613636,
    "History Documentary": 95625552.53365384,
    "Science & Technology Documentary": 109669829.8125,
    "Screwball Comedy": 100528506.41145833,
    "Shōjo": 146495649.9034091,
    "Isekai": 135324607.17613637,
    "Samurai": 110025846.99431819
}