{
    "United States": 133109073.60853755,
    "Japan": 193449169.68975514,
    "France": 83227689.72934626,
    "United Kingdom": 127909998.33394451,
    "Switzerland": 75526273.91947116,
    "Panama": 125516012.07552083,
    "India": 154559056.3090278,
    "China": 175572613.78317308,
    "Malta": 231948361.0533088,
    "Germany": 86336198.61950232,
    "Canada": 159619242.10786897,
    "Turkey": 105119334.65885417,
    "South Korea": 68325755.15024039,
    "Czech Republic": 76026523.63210227,
    "Morocco": 179910961.2075893,
    "Puerto Rico": 116366983.17329545,
    "Bulgaria": 143442658.24414062,
    "Australia": 155245288.3568097,
    "Iceland": 164096406.9392361,
    "Ireland": 65466401.81605113,
    "Mexico": 104216900.3892663,
    "Hong Kong": 139213373.9224537,
    "Belgium": 41249030.01888021,
    "United Arab Emirates": 139234074.06473213,
    "Hungary": 137107044.8453125,
    "Italy": 75508529.74862133,
    "New Zealand": 157720609.96685606,
    "Jordan": 179229395.92708334,
    "Gambia": 174560507.9005682,
    "Spain": 110966730.94341215,
    "Taiwan": 106719179.12708333,
    "Finland": 87342107.49414062,
    "West Germany": 62747462.852678575,
    "Singapore": 112586534.52389705,
    "Latvia": 102112640.15885417,
    "Greece": 90572294.70758928,
    "Luxembourg": 80473079.11213236,
    "Algeria": 128914258.32552083,
    "Brazil": 88402637.73190789,
    "Russia": 76135084.5827206,
    "Denmark": 88930018.14867425,
    "Norway": 90966723.52138157,
    "South Africa": 92497344.60590278,
    "Qatar": 114496411.44602273,
    "Sweden": 60331094.582974136,
    "Poland": 63966908.852678575,
    "Syria": 109629819.53693181,
    "Ukraine": 92768302.37740384,
    "Israel": 100957926.4921875,
    "Chile": 94323538.27901785,
    "Saudi Arabia": 94209430.76201923,
    "Argentina": 105285720.90885417,
    "Peru": 105265784.57552083,
    "Netherlands": 87311937.73505434,
    "Romania": 112705779.91586539,
    "Thailand": 118817750.81801471,
    "Malaysia": 109650781.71875,
    "Indonesia": 100889499.7421875,
    "Tunisia": 109702905.99147727,
    "Cyprus": 109702905.99147727,
    "Senegal": 109644627.6278409,
    "Benin": 109644627.6278409,
    "Kenya": 109995242.99147727,
    "Ghana": 109995242.99147727,
    "Egypt": 109995242.99147727,
    "Occupied Palestinian Territory": 109760542.08238636,
    "Estonia": 100574959.65885417,
    "Slovenia": 109657536.8096591,
    "Slovakia": 105121555.32552083,
    "Colombia": 109871024.44602273,
    "Austria": 85301300.72708334,
    "Croatia": 139823765.9921875,
    "Serbia": 105150202.82552083,
    "Portugal": 114598774.35511364,
    "Iraq": 154936576.9005682,
    "Philippines": 115077460.17329545,
    "Bahamas": 110163205.08238636,
    "Serbia and Montenegro": 119594035.99147727,
    "Lithuania": 112542860.90056819,
    "Cambodia": 102426645.90885417,
    "Vietnam": 109634113.8096591,
    "Bangladesh": 102389383.82552083,
    "Aruba": 111696884.35511364,
    "Iran": 109677741.99147727,
    "Yugoslavia": 110065566.26420455
}