{
    "Action": 199756442.3201966,
    "Drama": 85184969.694685,
    "Romance": 101026957.49972427,
    "Thriller": 107832859.47260919,
    "Western": 47572156.545430675,
    "Animal Adventure": 246207137.5806903,
    "Computer Animation": 366152505.4322917,
    "Fairy Tale": 253852840.11966464,
    "Quest": 235796566.53389084,
    "Swashbuckler": 199359469.47952586,
    "Adventure": 252240575.68773976,
    "Animation": 252302019.67662182,
    "Comedy": 149521119.04198042,
    "Family": 243627228.1298582,
    "Sci-Fi Epic": 290051772.48303574,
    "Space Sci-Fi": 264342602.9384191,
    "Sci-Fi": 263384146.69077933,
    "Superhero": 374580415.5722336,
    "Urban Adventure": 362113046.38423294,
    "Action Epic": 299203440.5317708,
    "Costume Drama": 94945931.54017857,
    "Epic": 218323308.67610678,
    "Historical Epic": 113997343.29476352,
    "One-Person Army Action": 109413850.35850695,
    "Period Drama": 111798837.22726004,
    "Tragedy": 107107727.49483696,
    "History": 74977729.09238388,
    "Dinosaur Adventure": 222937204.74414062,
    "Globetrotting Adventure": 270905392.51625,
    "Dark Fantasy": 173512383.1796875,
    "Supernatural Fantasy": 303648942.56734914,
    "Survival": 169063162.8623311,
    "Fantasy": 250864400.7789026,
    "Crime": 95900767.87731987,
    "War Epic": 125976061.76742789,
    "War": 71906016.3418818,
    "Conspiracy Thriller": 122732432.68642241,
    "Dystopian Sci-Fi": 205660924.9658203,
    "Alien Invasion": 233373608.8408203,
    "Buddy Comedy": 173353072.39445755,
    "Buddy Cop": 178059171.1361607,
    "High-Concept Comedy": 189565502.6066576,
    "Gun Fu": 214587910.6415441,
    "Cop Drama": 123340525.47418478,
    "Gangster": 118854570.13950893,
    "Heist": 93530259.5827206,
    "Adventure Epic": 212079910.5174279,
    "Sword & Sandal": 222985638.67927632,
    "Dark Comedy": 81421205.4765625,
    "Raunchy Comedy": 170760706.6421371,
    "Disaster": 233533919.83717105,
    "Martial Arts": 131327903.03125,
    "Fantasy Epic": 268859509.99715906,
    "Mystery": 121898476.21459652,
    "Political Thriller": 149290970.23625,
    "Spy": 120745428.80505952,
    "Serial Killer": 117089965.60379465,
    "Kaiju": 233254182.47418478,
    "Road Trip": 124658379.35181452,
    "Sword & Sorcery": 377666074.3195565,
    "Artificial Intelligence": 159904295.0411932,
    "Cyberpunk": 163909546.38368055,
    "Time Travel": 185923364.84254807,
    "Contemporary Western": 92204177.765625,
    "Drug Crime": 97594705.66276042,
    "Caper": 110832242.7684659,
    "Car Action": 179533639.1453125,
    "Music": 83625239.29117839,
    "Desert Adventure": 173553088.25578704,
    "Kung Fu": 176654750.7075893,
    "Docudrama": 105206423.46831897,
    "Motorsport": 153105794.6915761,
    "Biography": 72944491.29584059,
    "Sport": 67177602.04840353,
    "Monster Horror": 129050916.5920608,
    "Horror": 87726962.52089724,
    "Slapstick": 181587126.75580359,
    "Cyber Thriller": 128475082.53125,
    "Psychological Drama": 105193946.9987331,
    "Psychological Thriller": 97387892.784375,
    "Bumbling Detective": 129758927.8389423,
    "Dark Romance": 79694530.65193966,
    "Supernatural Horror": 120522080.66510417,
    "Tragic Romance": 146313361.7002315,
    "Romantic Comedy": 128715780.27268836,
    "Teen Comedy": 96488113.671875,
    "Teen Fantasy": 283591139.88100964,
    "Teen Romance": 117939890.40900736,
    "Police Procedural": 98965758.1263587,
    "Sea Adventure": 278770745.70442706,
    "Anime": 109090112.41947116,
    "Farce": 97613061.60379465,
    "Stop Motion Animation": 112100096.2953125,
    "Teen Adventure": 293052246.3760776,
    "Spaghetti Western": 79114193.43164062,
    "Western Epic": 100941535.06808035,
    "Erotic Thriller": 118394789.5953125,
    "Jungle Adventure": 175385367.3095703,
    "Musical": 122545899.51288007,
    "Coming-of-Age": 102497646.31455593,
    "Parody": 135326710.87265626,
    "Satire": 118656871.99860075,
    "B-Horror": 79831266.75919117,
    "Slasher Horror": 80433502.87207031,
    "Teen Drama": 80990551.63185975,
    "Pop Musical": 144797242.0595703,
    "Classic Musical": 80959298.83717105,
    "Showbiz Drama": 155659817.45170453,
    "Shōnen": 97175450.91586539,
    "Hand-Drawn Animation": 138783018.25752315,
    "Isekai": 135270951.08238637,
    "Feel-Good Romance": 142565015.4164773,
    "Shōjo": 146441993.8096591,
    "Jukebox Musical": 144916238.43020833,
    "Documentary": 26571077.798828125,
    "Slice of Life": 112394606.44602273,
    "Steampunk": 117096726.11213236,
    "Mecha": 111496556.08238636,
    "Adult Animation": 93125637.08664773,
    "Quirky Comedy": 113773365.41056034,
    "Body Swap Comedy": 183610580.421875,
    "Holiday Animation": 119392842.6278409,
    "Holiday Family": 144009268.86041668,
    "Holiday": 121306075.62664473,
    "Basketball": 80300695.38722827,
    "Hard-boiled Detective": 94583349.73190789,
    "Legal Drama": 110438677.55208333,
    "Legal Thriller": 115694505.2453125,
    "Wuxia": 167082365.08238637,
    "Prison Drama": 107335543.99639423,
    "Political Drama": 127370411.6261574,
    "True Crime": 82004397.93603516,
    "Boxing": 117635270.6174569,
    "Workplace Drama": 105509990.88950893,
    "Football": 107935595.35625,
    "Baseball": 78855373.24609375,
    "Medical Drama": 105769785.68164062,
    "Steamy Romance": 102168235.93457031,
    "Water Sport": 87842278.59375,
    "Financial Drama": 90194649.05664062,
    "Mountain Adventure": 104906350.83717105,
    "B-Action": 90882496.06473215,
    "Whodunnit": 121129005.03236607,
    "Romantic Epic": 151943309.4544271,
    "Splatter Horror": 65478809.92522322,
    "Holiday Comedy": 160533586.60817307,
    "Cozy Mystery": 127641595.7421875,
    "Body Horror": 84557798.60461956,
    "Stoner Comedy": 94310443.06473215,
    "Rock Musical": 82065174.99639423,
    "Zombie Horror": 131043940.9953125,
    "Psychological Horror": 81413124.283801,
    "Korean Drama": 104117378.65885417,
    "Suspense Mystery": 128485880.35657051,
    "Vampire Horror": 108778615.36348684,
    "Crime Documentary": 71859687.70036764,
    "Sports Documentary": 84733474.66041666,
    "Military Documentary": 111512286.68509616,
    "Music Documentary": 87878964.77901785,
    "Faith & Spirituality Documentary": 100716320.82552083,
    "Travel Documentary": 100941180.82552083,
    "Extreme Sport": 74671514.55034722,
    "Political Documentary": 114314709.2235577,
    "Food Documentary": 111469725.99147727,
    "History Documentary": 102266526.40885417,
    "Concert": 118765613.45432693,
    "Nature Documentary": 100620151.65885417,
    "Holiday Romance": 129021706.07552083,
    "Folk Horror": 92584987.20758928,
    "Witch Horror": 96276883.70758928,
    "Film Noir": 29140718.854910713,
    "Sketch Comedy": 104345319.40885417,
    "Classical Western": 76259507.05664062,
    "Teen Horror": 81226617.68457031,
    "Werewolf Horror": 100910085.14663461,
    "Giallo": 111679895.8096591,
    "Found Footage Horror": 116115401.9921875,
    "Mockumentary": 102829291.9921875,
    "Screwball Comedy": 109611819.53693181,
    "News": 60512062.7453125,
    "Science & Technology Documentary": 109616173.71875,
    "Soccer": 97233525.77901785,
    "Talk Show": 109747407.26420455,
    "Samurai": 109972190.90056819
}