{
    "Period Drama": 105616636.41795634,
    "Biography": 71340090.06808747,
    "Drama": 87148484.80795756,
    "History": 69622968.74538502,
    "Musical": 131874487.24650243,
    "Romance": 105864412.84135142,
    "Caper": 94036121.03854166,
    "Film Noir": 40872150.22569444,
    "Action": 200651407.55054754,
    "Crime": 96473960.22704287,
    "Classical Western": 72100840.39828432,
    "Western": 47474017.35642361,
    "Dark Comedy": 83699643.35246213,
    "Comedy": 146454536.29856354,
    "Sport": 68120205.31302412,
    "Coming-of-Age": 111811457.93287036,
    "Psychological Horror": 77208973.95355903,
    "Horror": 85228454.18377058,
    "Docudrama": 96366288.94761474,
    "True Crime": 75157195.51427469,
    "Thriller": 114739478.75899622,
    "Adventure": 255961533.76836854,
    "War": 78001775.86445631,
    "Historical Epic": 117037239.52267157,
    "War Epic": 128716439.29936594,
    "Body Horror": 85590582.1703869,
    "Monster Horror": 119049821.49396929,
    "Tragedy": 97811489.2886396,
    "Sword & Sorcery": 394384056.50873655,
    "Teen Adventure": 333926429.2579657,
    "Teen Fantasy": 321250774.63467264,
    "Family": 233663562.93046042,
    "Fantasy": 246775509.06465182,
    "Mystery": 120921273.17201966,
    "Boxing": 121180943.07699274,
    "Dark Fantasy": 198622889.64427084,
    "Supernatural Horror": 108029234.40289548,
    "Feel-Good Romance": 150584881.93409863,
    "Romantic Comedy": 125440351.35478856,
    "Parody": 155652936.7308114,
    "Suspense Mystery": 127499037.31148373,
    "Whodunnit": 123772515.95083332,
    "Space Sci-Fi": 241514153.78093433,
    "Superhero": 366016782.13397986,
    "Sci-Fi": 242515426.85013443,
    "Supernatural Fantasy": 261197273.0769558,
    "Extreme Sport": 88240378.25138888,
    "Mountain Adventure": 103067535.76934524,
    "Sports Documentary": 84519403.45138888,
    "Documentary": 28092973.431195173,
    "Basketball": 78712860.62594697,
    "Slasher Horror": 84435688.49283853,
    "Psychological Thriller": 114463558.22211021,
    "Action Epic": 305452860.2364969,
    "Anime": 102854745.47485632,
    "One-Person Army Action": 108127916.58840089,
    "Survival": 161718011.4380787,
    "Animation": 243454662.12856737,
    "Workplace Drama": 95484833.5470679,
    "Financial Drama": 82328870.42317708,
    "Motorsport": 175055859.64221013,
    "Dystopian Sci-Fi": 216218890.33630952,
    "Zombie Horror": 108404364.4682971,
    "Raunchy Comedy": 200984937.9030797,
    "Jungle Adventure": 155722877.26795977,
    "Alien Invasion": 180852368.8313172,
    "Epic": 218921801.8810562,
    "High-Concept Comedy": 171793464.32025194,
    "Holiday Comedy": 138899832.4513889,
    "Holiday Romance": 110257710.76934524,
    "Faith & Spirituality Documentary": 110218953.43371211,
    "Travel Documentary": 101402910.98090278,
    "Computer Animation": 340687221.64512306,
    "Showbiz Drama": 137018036.57830462,
    "Music": 86528426.6436828,
    "Satire": 123674309.99618055,
    "Contemporary Western": 91273348.99045138,
    "Cop Drama": 104637854.35321969,
    "Drug Crime": 111010352.93854165,
    "Baseball": 76864518.76231061,
    "Political Drama": 117712511.96034946,
    "Buddy Comedy": 163845425.60371375,
    "Psychological Drama": 110761390.31551932,
    "Adventure Epic": 261952752.03472224,
    "Fantasy Epic": 285679743.8167892,
    "Sci-Fi Epic": 279101266.18033856,
    "Erotic Thriller": 152379036.69240195,
    "Steamy Romance": 109846650.99083333,
    "Quirky Comedy": 113027121.1703869,
    "Slapstick": 167130810.23823926,
    "Adult Animation": 89234259.22195512,
    "Hand-Drawn Animation": 131590813.24559294,
    "Tragic Romance": 129140003.14503203,
    "Football": 99196372.32378471,
    "Splatter Horror": 70514132.95083334,
    "Teen Horror": 73076398.23547979,
    "Desert Adventure": 126034293.47299382,
    "News": 55471714.94412878,
    "Pop Musical": 167461624.9103009,
    "Teen Drama": 87880944.88870613,
    "Gangster": 122318851.69521604,
    "Time Travel": 211211459.5908333,
    "Steampunk": 120627112.72478068,
    "Costume Drama": 103274948.55208333,
    "Vampire Horror": 96610928.48854166,
    "Holiday": 117482730.54282407,
    "Farce": 107503176.36545138,
    "Teen Comedy": 92481018.01792635,
    "Teen Romance": 101018682.05902776,
    "Legal Drama": 92899897.09554596,
    "Fairy Tale": 270618408.9428419,
    "Quest": 241582751.40266928,
    "Swashbuckler": 195611024.68175286,
    "Martial Arts": 114637673.07083333,
    "Conspiracy Thriller": 97627558.91743825,
    "Sea Adventure": 234361917.28854164,
    "Heist": 97198961.70949073,
    "Shōnen": 103166848.48090278,
    "Urban Adventure": 335533824.615428,
    "Car Action": 193772818.30372804,
    "Spy": 218292508.53211805,
    "Serial Killer": 125913576.99118589,
    "Slice of Life": 122556167.97916666,
    "Cyberpunk": 141225403.03503788,
    "Nature Documentary": 101036824.3142361,
    "Dark Romance": 106332606.31083332,
    "Romantic Epic": 136080929.32242066,
    "Animal Adventure": 215126145.53279322,
    "Police Procedural": 101505216.9030797,
    "Dinosaur Adventure": 222349524.98567706,
    "Jukebox Musical": 156520238.72195512,
    "Globetrotting Adventure": 304501255.4708333,
    "Folk Horror": 93120740.98363094,
    "Witch Horror": 90362078.91805555,
    "Rock Musical": 98343984.33786233,
    "Prison Drama": 102162756.52752975,
    "Western Epic": 102783733.2988782,
    "Artificial Intelligence": 158719317.95272434,
    "Stop Motion Animation": 108037933.1629902,
    "Cyber Thriller": 100190749.19791666,
    "Korean Drama": 133970009.79734848,
    "Sword & Sandal": 173070267.15393516,
    "Crime Documentary": 72216134.28063725,
    "Body Swap Comedy": 126742438.26934524,
    "Political Thriller": 125517628.49045138,
    "Road Trip": 100471092.1065705,
    "B-Horror": 87762483.18472221,
    "Spaghetti Western": 79458604.98567708,
    "Gun Fu": 239312357.2218137,
    "Sketch Comedy": 112975899.79734848,
    "Hard-boiled Detective": 86684622.51593137,
    "Kaiju": 155408804.63854164,
    "Disaster": 157232943.04057017,
    "Isekai": 135774656.70643938,
    "Legal Thriller": 110140305.7726449,
    "Bumbling Detective": 122315009.34280302,
    "Werewolf Horror": 101336297.5977564,
    "Political Documentary": 106553012.69791666,
    "History Documentary": 103132084.3142361,
    "Holiday Family": 118546956.98237179,
    "Holiday Animation": 139088381.97916666,
    "Classic Musical": 70820462.85321969,
    "Music Documentary": 90011639.91220237,
    "Water Sport": 97498433.9054487,
    "Shōjo": 146945699.43371212,
    "B-Action": 103484743.8142361,
    "Soccer": 108782046.73090278,
    "Screwball Comedy": 110098530.5246212,
    "Kung Fu": 142024806.5208333,
    "Food Documentary": 95103239.05929486,
    "Samurai": 110475896.5246212,
    "Medical Drama": 110402719.9054487,
    "Stoner Comedy": 101355991.44391026,
    "Military Documentary": 111132534.44391026,
    "Concert": 112415576.41220237,
    "Iyashikei": 112857696.16098484,
    "Buddy Cop": 186700568.8285256,
    "Giallo": 112183601.43371211,
    "Cozy Mystery": 111303817.34280302,
    "Found Footage Horror": 110832614.98237179,
    "Science & Technology Documentary": 110119879.34280302,
    "Mockumentary": 123915245.79734848,
    "Mecha": 112000261.70643939
}