{
    "United States": 133014314.8438827,
    "Japan": 190789179.5540625,
    "France": 85659885.84724379,
    "United Kingdom": 137944473.37605795,
    "Switzerland": 110138415.97716346,
    "Panama": 125189130.3671875,
    "India": 145994164.25846353,
    "Canada": 162380866.17320883,
    "China": 178495867.46676588,
    "Malta": 190684995.90039062,
    "Turkey": 111937608.40056819,
    "Australia": 173420156.34420955,
    "Mexico": 131068357.49771342,
    "Puerto Rico": 116010384.94602273,
    "Bulgaria": 125157035.81085527,
    "Iceland": 153405029.72977942,
    "Ireland": 72253405.9367378,
    "Hong Kong": 174667954.8518145,
    "Czech Republic": 97781070.36548913,
    "Germany": 104698268.66736779,
    "Bahamas": 165288745.49147728,
    "Belgium": 45723364.26526163,
    "United Arab Emirates": 129891452.76041667,
    "Hungary": 154163642.54315478,
    "Italy": 77667866.05773304,
    "New Zealand": 161403334.1501736,
    "Jordan": 178967890.56041667,
    "Gambia": 174203909.67329547,
    "Spain": 110711427.66858552,
    "South Korea": 73709427.3233173,
    "Taiwan": 139806981.02708334,
    "Finland": 90114942.22708334,
    "West Germany": 64937190.7203125,
    "Argentina": 129422515.24330357,
    "Thailand": 149161093.02708334,
    "Singapore": 110266134.81085527,
    "Latvia": 101785758.45052083,
    "Greece": 95222600.18509616,
    "Luxembourg": 87673388.96041666,
    "Algeria": 128587376.6171875,
    "Brazil": 92800013.20036764,
    "Russia": 75904344.55330883,
    "Denmark": 101753774.55022322,
    "Norway": 104539898.078125,
    "Chile": 88069471.02708334,
    "Austria": 90734119.76041667,
    "South Africa": 92321935.76041667,
    "Qatar": 104655677.78385417,
    "Sweden": 65506909.975260414,
    "Poland": 59935661.975260414,
    "Saudi Arabia": 90314367.31473215,
    "Syria": 109273221.3096591,
    "Ukraine": 92466565.41586539,
    "Israel": 93750146.87740384,
    "Peru": 104938902.8671875,
    "Netherlands": 92126155.83664773,
    "Romania": 93184432.671875,
    "Morocco": 123078121.8671875,
    "Malaysia": 109294183.49147727,
    "Indonesia": 100562618.03385417,
    "Tunisia": 109346307.76420455,
    "Cyprus": 109346307.76420455,
    "Senegal": 109288029.40056819,
    "Benin": 109288029.40056819,
    "Soviet Union": 101877687.95052083,
    "Kenya": 109638644.76420455,
    "Ghana": 109638644.76420455,
    "Egypt": 100512444.70052083,
    "Occupied Palestinian Territory": 100314464.20052083,
    "Slovakia": 113623538.85511364,
    "Colombia": 109514426.21875,
    "Croatia": 129166531.7235577,
    "Estonia": 109296841.76420455,
    "Portugal": 114242176.1278409,
    "Iraq": 154579978.67329547,
    "Philippines": 114720861.94602273,
    "Serbia and Montenegro": 119237437.76420455,
    "Cambodia": 102099764.20052083,
    "Vietnam": 109277515.58238636,
    "Bangladesh": 102062502.1171875,
    "Aruba": 111340286.1278409,
    "Iran": 109321143.76420455,
    "Serbia": 109457633.94602273,
    "Yugoslavia": 109708968.03693181
}