{
    "Martial Arts": 108285419.95019531,
    "Action": 204844879.07561383,
    "Comedy": 145822065.16243687,
    "Drama": 85848038.83968082,
    "Romance": 105364783.8607629,
    "Thriller": 109979434.98676153,
    "Western": 50626813.10253099,
    "Animal Adventure": 234370565.0948465,
    "Computer Animation": 336977523.9065896,
    "Fairy Tale": 264558176.52449325,
    "Quest": 267275062.85240385,
    "Swashbuckler": 203871192.97952586,
    "Adventure": 259201933.82109576,
    "Animation": 244570303.44270834,
    "Family": 228161428.4772612,
    "Sci-Fi Epic": 316447974.83049244,
    "Space Sci-Fi": 303042230.6779514,
    "Sci-Fi": 261277100.7808758,
    "Superhero": 357422498.75248015,
    "Urban Adventure": 327838775.52210367,
    "Action Epic": 293007451.04375,
    "Costume Drama": 116974271.42371324,
    "Epic": 204840480.34753788,
    "Historical Epic": 97547871.86488971,
    "One-Person Army Action": 99819238.28125,
    "Period Drama": 102190622.75966929,
    "Tragedy": 104732461.89623092,
    "History": 64823610.882990055,
    "Holiday Comedy": 171159627.61213234,
    "Fantasy": 245073572.65143108,
    "Holiday": 152267273.1703125,
    "Mystery": 130701940.11979167,
    "Dinosaur Adventure": 218556323.76041666,
    "Globetrotting Adventure": 304970163.11354166,
    "Crime": 89115984.83795798,
    "War Epic": 135836757.37034574,
    "War": 82664550.24807961,
    "Alien Invasion": 160162742.0502232,
    "Buddy Comedy": 188917267.4554521,
    "Buddy Cop": 174369318.03125,
    "High-Concept Comedy": 191724546.24796197,
    "Gun Fu": 209403142.41145834,
    "Cop Drama": 106208922.7203125,
    "Gangster": 117537359.47879465,
    "Heist": 91745798.54769737,
    "Artificial Intelligence": 175785488.56573275,
    "Cyberpunk": 159416231.70793268,
    "Dystopian Sci-Fi": 215309508.4974662,
    "Adventure Epic": 264713294.04910713,
    "Psychological Thriller": 110443168.25597426,
    "Survival": 180587599.7283654,
    "Supernatural Fantasy": 321812182.8378538,
    "Teen Adventure": 346022751.0946181,
    "Disaster": 203862406.44243422,
    "Conspiracy Thriller": 107621730.609375,
    "Fantasy Epic": 253553761.29394528,
    "Sword & Sandal": 158510519.65296054,
    "Political Thriller": 119024115.65625,
    "Spy": 208762165.49625,
    "Serial Killer": 112455653.1421371,
    "Cyber Thriller": 106973288.71289062,
    "Sword & Sorcery": 373710838.39331895,
    "Time Travel": 219268098.015625,
    "Contemporary Western": 86812204.90393518,
    "Drug Crime": 108352631.06696428,
    "Caper": 124384242.4703125,
    "Car Action": 214208926.2203125,
    "Music": 85627375.71713084,
    "Desert Adventure": 154983501.3359375,
    "Road Trip": 114104673.87165178,
    "Dark Comedy": 77486430.74314025,
    "Splatter Horror": 61441811.891098484,
    "Horror": 86308768.50495219,
    "Quirky Comedy": 134728926.98020834,
    "Kung Fu": 141296857.10817307,
    "Docudrama": 88843089.01593544,
    "Motorsport": 180655142.3919271,
    "Biography": 68995772.57284407,
    "Sport": 68584989.55726156,
    "Monster Horror": 137954463.93349358,
    "Kaiju": 173324023.24479166,
    "Slapstick": 171608827.54764345,
    "Steamy Romance": 82711099.01400863,
    "Psychological Drama": 85566320.56910211,
    "Bumbling Detective": 129457190.87740384,
    "Dark Fantasy": 206819442.03429878,
    "Dark Romance": 88877453.93870193,
    "Supernatural Horror": 121033487.8518319,
    "Tragic Romance": 136095493.4002404,
    "Romantic Comedy": 128774881.22315705,
    "Teen Comedy": 104126971.89791666,
    "Teen Fantasy": 341551068.1864224,
    "Teen Romance": 131566236.7092803,
    "Body Horror": 82502136.91056034,
    "Folk Horror": 89561238.95758928,
    "Witch Horror": 93253135.45758928,
    "Zombie Horror": 121128439.77625,
    "Coming-of-Age": 117511485.4795673,
    "Teen Drama": 102747978.49771342,
    "Anime": 95846714.1261574,
    "Farce": 90642899.28485577,
    "Stop Motion Animation": 134256669.33789062,
    "Spaghetti Western": 77933427.33789062,
    "Western Epic": 119224895.49697581,
    "Jungle Adventure": 195315241.946875,
    "Musical": 124562018.52155854,
    "Feel-Good Romance": 162127361.55098686,
    "Parody": 110019586.93349358,
    "Satire": 94677580.47723214,
    "Sea Adventure": 296987743.8703125,
    "B-Horror": 79600526.7297794,
    "Slasher Horror": 75144890.31810898,
    "Classic Musical": 69039858.45625,
    "Showbiz Drama": 155324174.10987905,
    "Hand-Drawn Animation": 123304608.93344907,
    "Romantic Epic": 142797031.11745688,
    "Psychological Horror": 81838962.5569853,
    "Isekai": 134914352.85511363,
    "Shōjo": 146085395.58238637,
    "Adult Animation": 80506720.5184659,
    "Police Procedural": 92994579.60026042,
    "Shōnen": 103755367.28385417,
    "Slice of Life": 114122828.95052083,
    "Pop Musical": 178111190.25422296,
    "Steampunk": 121408346.08789062,
    "Jukebox Musical": 141467831.37594697,
    "Mecha": 111139957.85511364,
    "Holiday Animation": 135692408.28385416,
    "Holiday Family": 175999173.171875,
    "Iyashikei": 103531216.1171875,
    "Political Drama": 106215199.09461805,
    "Erotic Thriller": 117825046.1203125,
    "Hard-boiled Detective": 83622471.90039062,
    "Legal Drama": 86404256.37625,
    "Legal Thriller": 114230900.54769737,
    "Prison Drama": 103014587.85625,
    "True Crime": 70666161.57106856,
    "Boxing": 116864469.25744048,
    "Rock Musical": 88393253.8359375,
    "Basketball": 75286123.10026042,
    "Baseball": 75796518.7079327,
    "Medical Drama": 112217546.89375,
    "Workplace Drama": 103724098.37165178,
    "Financial Drama": 90902623.76041667,
    "Mountain Adventure": 125852478.56041667,
    "B-Action": 96336494.95432693,
    "Documentary": 23108753.888444766,
    "Football": 89476779.17625,
    "Water Sport": 90733157.49375,
    "Raunchy Comedy": 143592649.82331732,
    "Whodunnit": 133896312.45949075,
    "Cozy Mystery": 127314714.03385417,
    "Korean Drama": 116007236.95432693,
    "Suspense Mystery": 140337945.40542763,
    "Vampire Horror": 102696653.7203125,
    "Crime Documentary": 64251672.17927632,
    "History Documentary": 89271339.81473215,
    "Military Documentary": 94959202.80048077,
    "Nature Documentary": 92669744.10817307,
    "Faith & Spirituality Documentary": 100389439.1171875,
    "Travel Documentary": 100614299.1171875,
    "Concert": 104314548.42708333,
    "Music Documentary": 89311168.95758928,
    "Sports Documentary": 93338381.41586539,
    "Food Documentary": 94375289.64663461,
    "Political Documentary": 104977063.95052083,
    "Holiday Romance": 132543780.74330357,
    "Body Swap Comedy": 175960556.16041666,
    "Film Noir": 29948187.229420733,
    "Sketch Comedy": 104018437.70052083,
    "Teen Horror": 75577835.62600806,
    "Werewolf Horror": 100608348.18509616,
    "Giallo": 111323297.58238636,
    "Found Footage Horror": 113045187.03693181,
    "Stoner Comedy": 104991904.6171875,
    "Mockumentary": 99055287.671875,
    "Screwball Comedy": 109238226.67329545,
    "News": 48437725.93625,
    "Science & Technology Documentary": 109259575.49147727,
    "Extreme Sport": 83079285.21289062,
    "Soccer": 102976767.56971154,
    "Talk Show": 109390809.03693181,
    "Classical Western": 87295775.24330357
}