{
    "United States": 133950271.09215845,
    "Canada": 165335858.0844252,
    "United Kingdom": 135818593.19835317,
    "China": 174345795.11470732,
    "France": 88281850.12533069,
    "Ireland": 72132557.6316358,
    "South Korea": 79740441.05694444,
    "New Zealand": 155970869.25526094,
    "Japan": 196548870.20025665,
    "Finland": 87617930.2764757,
    "Norway": 91507082.12755848,
    "India": 152605527.32780933,
    "Mexico": 125480981.82225975,
    "Hong Kong": 172009676.30398744,
    "United Arab Emirates": 83327267.56157407,
    "Germany": 110218671.3642361,
    "South Africa": 106363797.82824074,
    "Denmark": 102274991.23198785,
    "Sweden": 65696081.32398505,
    "Netherlands": 93467188.47380051,
    "Spain": 99149890.2546922,
    "Estonia": 101553809.2019676,
    "Slovenia": 110725372.67487374,
    "Belgium": 49324621.472400285,
    "Austria": 92211259.89490741,
    "Italy": 78168715.04107815,
    "Australia": 176445352.17087886,
    "Switzerland": 87639475.05084325,
    "Thailand": 167586629.37785947,
    "Poland": 71018834.44334796,
    "Chile": 89114056.02824074,
    "Hungary": 124733517.73445767,
    "Singapore": 128233720.7139757,
    "Czech Republic": 96030071.18431713,
    "Greece": 91411308.60168651,
    "Yugoslavia": 111133402.1294192,
    "Iceland": 170963865.31903595,
    "Panama": 110678171.85669193,
    "West Germany": 66471973.17118056,
    "Romania": 94303630.88740079,
    "Russia": 80901056.0889757,
    "Brazil": 95518498.26021242,
    "Qatar": 105961409.03530093,
    "Malta": 216091155.0264757,
    "Syria": 110697655.40214647,
    "Jordan": 142517081.49412394,
    "Ukraine": 101474951.86863427,
    "Israel": 101936776.03530093,
    "Soviet Union": 103183419.2019676,
    "Morocco": 172878800.17311507,
    "Indonesia": 101868349.28530093,
    "Kenya": 111063078.85669193,
    "Saudi Arabia": 91433565.53025794,
    "Ghana": 111063078.85669193,
    "Egypt": 111063078.85669193,
    "Tunisia": 110770741.85669193,
    "Cyprus": 110770741.85669193,
    "Luxembourg": 96049274.95882937,
    "Croatia": 134839798.2019676,
    "Taiwan": 149209905.81597224,
    "Argentina": 130409817.67311509,
    "Bulgaria": 92003810.76157407,
    "Bahamas": 166713179.58396465,
    "Portugal": 115666610.22032829,
    "Peru": 106244634.11863427,
    "Latvia": 112462773.58396465,
    "Iran": 110745577.85669193,
    "Turkey": 106098184.2019676,
    "Slovakia": 106100404.86863427,
    "Serbia": 106129052.36863427,
    "Occupied Palestinian Territory": 110690691.94760102,
    "Algeria": 110748129.58396465,
    "Serbia and Montenegro": 120661871.85669193,
    "Lithuania": 113610696.76578283,
    "Bangladesh": 110661300.1294192,
    "Cambodia": 110701949.67487374,
    "Vietnam": 110701949.67487374,
    "Iraq": 156004412.76578283,
    "Puerto Rico": 117434819.0385101,
    "Philippines": 116145296.0385101,
    "Malaysia": 110718617.58396465
}