{
    "United States": 133512030.38473526,
    "United Kingdom": 135552343.350354,
    "Germany": 98578772.15869884,
    "Bulgaria": 108554603.65155229,
    "Spain": 104505957.31646825,
    "Switzerland": 116830351.87288646,
    "Panama": 137480351.64330807,
    "France": 95586132.20964961,
    "Belgium": 49120118.0809576,
    "Japan": 182932772.5660477,
    "China": 185636682.7791924,
    "Mexico": 123457928.54260512,
    "Australia": 172579447.85188642,
    "Singapore": 87821321.53390522,
    "India": 146544536.07503387,
    "Italy": 75041426.11600639,
    "Sweden": 62350813.81764403,
    "Canada": 174570132.1979388,
    "Ireland": 68896000.66082703,
    "Thailand": 154624676.7547743,
    "Denmark": 116770862.22505143,
    "Norway": 105092873.55979937,
    "Hong Kong": 165390250.00282922,
    "Luxembourg": 89580564.86259921,
    "Netherlands": 88657527.82940821,
    "South Korea": 76454716.3369709,
    "Czech Republic": 80786527.43220899,
    "Occupied Palestinian Territory": 101165028.4230324,
    "Qatar": 110194146.09785353,
    "United Arab Emirates": 84279517.73842593,
    "New Zealand": 132812441.00224674,
    "Lithuania": 113114150.91603535,
    "Taiwan": 138195364.33842593,
    "Argentina": 126050141.71974206,
    "South Africa": 108699714.07175925,
    "Romania": 99186822.47175926,
    "Russia": 82572558.33842592,
    "Morocco": 175538551.27175924,
    "Poland": 69338168.4250731,
    "Chile": 95427634.39049146,
    "Iceland": 174684381.8172743,
    "Latvia": 110164798.73421717,
    "Malta": 213877653.0047743,
    "Brazil": 93417103.50424382,
    "Ukraine": 93251701.62126067,
    "Hungary": 138994512.47770467,
    "Tunisia": 110274196.00694443,
    "Saudi Arabia": 104718106.58969907,
    "Cyprus": 110274196.00694443,
    "Yugoslavia": 110636856.27967171,
    "Syria": 110201109.55239898,
    "Jordan": 153569467.58969906,
    "Israel": 101481609.00636573,
    "Austria": 91839245.86259921,
    "Finland": 112785375.33969907,
    "West Germany": 71615650.94868827,
    "Croatia": 140347448.50636575,
    "Greece": 96007736.39049146,
    "Soviet Union": 102728252.1730324,
    "Indonesia": 110230158.4614899,
    "Serbia": 105673885.33969907,
    "Malaysia": 110222071.73421717,
    "Senegal": 110215917.64330807,
    "Benin": 110215917.64330807,
    "Cambodia": 102950328.4230324,
    "Bangladesh": 112268174.3705808,
    "Aruba": 112268174.3705808,
    "Egypt": 110175423.91603535,
    "Philippines": 115648750.18876262,
    "Vietnam": 110205403.82512626,
    "Estonia": 110224730.00694443,
    "Iraq": 155507866.91603535,
    "Bahamas": 110734495.09785353,
    "Algeria": 129437940.83969907,
    "Portugal": 115170064.3705808
}