{
    "Drama": 84157194.73567954,
    "Music": 79711672.84383367,
    "Romance": 106891081.40788658,
    "Computer Animation": 379393599.87595487,
    "Adventure": 260160403.36613515,
    "Animation": 252090037.25927544,
    "Comedy": 145685584.5921871,
    "Family": 239680375.98232606,
    "Fantasy": 255131781.62852454,
    "Musical": 128305842.90684679,
    "Body Horror": 74987207.84305555,
    "Folk Horror": 93173843.00545634,
    "Monster Horror": 135177789.00218254,
    "Superhero": 349602429.45127314,
    "Supernatural Horror": 113894106.84064981,
    "Witch Horror": 97091192.8520299,
    "Zombie Horror": 130348708.71151622,
    "Action": 204839966.69280383,
    "Horror": 87545439.87213777,
    "Mystery": 131938432.25791463,
    "Steamy Romance": 107718098.03711686,
    "Coming-of-Age": 103766360.49435186,
    "Hand-Drawn Animation": 125978055.6263641,
    "Martial Arts": 126513298.73370726,
    "Period Drama": 107297355.65923546,
    "Pop Musical": 180960842.28363717,
    "Sci-Fi Epic": 311169998.8507997,
    "Urban Adventure": 340166090.8076775,
    "Sci-Fi": 253688631.63510504,
    "Car Action": 183084492.95381945,
    "Crime": 87542013.64862508,
    "Thriller": 108265974.29178438,
    "Historical Epic": 116773465.43449701,
    "Swashbuckler": 222698156.1750479,
    "History": 70760519.52914898,
    "Legal Thriller": 106615337.81316137,
    "Suspense Mystery": 142908400.85079968,
    "Romantic Comedy": 124215757.15600549,
    "Adult Animation": 84648332.87288646,
    "Stop Motion Animation": 116783461.61535494,
    "Costume Drama": 85096977.97569443,
    "Feel-Good Romance": 157957981.51087528,
    "Western": 52822741.83253442,
    "Adventure Epic": 241758655.6553152,
    "Animal Adventure": 257588599.9356785,
    "Contemporary Western": 101152781.19411376,
    "Desert Adventure": 142271442.76305556,
    "Quirky Comedy": 124308760.93988715,
    "Slapstick": 188174940.6463934,
    "Globetrotting Adventure": 316750342.2430556,
    "Quest": 217452807.95127314,
    "High-Concept Comedy": 194853188.392965,
    "Jungle Adventure": 177470313.31297895,
    "Supernatural Fantasy": 301880698.1680813,
    "Biography": 71570077.56128614,
    "Fantasy Epic": 237297373.00246418,
    "Sword & Sorcery": 340568440.7612548,
    "Teen Adventure": 355432588.12738717,
    "Teen Fantasy": 340854787.3731996,
    "Dark Romance": 114133164.66984953,
    "Docudrama": 98953668.53661111,
    "Showbiz Drama": 139283497.09613717,
    "Teen Romance": 125463760.51746632,
    "Farce": 88435035.28305556,
    "War": 83355258.88318759,
    "Satire": 122508409.26681858,
    "Film Noir": 36391370.41401143,
    "Action Epic": 271945376.92454594,
    "Dinosaur Adventure": 242952108.47508168,
    "Epic": 182764033.55029,
    "Kaiju": 214571105.86078045,
    "Tragedy": 93814482.54700361,
    "Teen Drama": 101077626.64467593,
    "Buddy Comedy": 159821197.23679194,
    "Sport": 69130161.51875848,
    "Western Epic": 101379491.7766577,
    "Parody": 161479389.71253657,
    "Dark Comedy": 87064471.43818204,
    "Teen Horror": 82763494.2721688,
    "Hard-boiled Detective": 86728353.59272875,
    "Road Trip": 120745350.10608238,
    "Jukebox Musical": 157520671.36305556,
    "Rock Musical": 74706989.69897343,
    "Survival": 160795902.8704313,
    "Dark Fantasy": 185101380.25190973,
    "Space Sci-Fi": 253863229.03472224,
    "Sword & Sandal": 192114649.74086258,
    "Serial Killer": 116209382.84909187,
    "True Crime": 71622937.75615828,
    "Workplace Drama": 108811889.09438132,
    "Dystopian Sci-Fi": 195233111.30254632,
    "Alien Invasion": 195200304.28363717,
    "Romantic Epic": 151022083.50293803,
    "Cop Drama": 107828997.959843,
    "Psychological Horror": 86555641.28400996,
    "Basketball": 84803755.78592995,
    "Sports Documentary": 79920758.8172743,
    "Documentary": 27657844.60095486,
    "Psychological Drama": 108645603.86479378,
    "Fairy Tale": 286597533.8067412,
    "War Epic": 125825921.64742477,
    "Buddy Cop": 178508041.8625992,
    "Steampunk": 134954980.47175926,
    "Heist": 98978503.89313272,
    "Gangster": 107845527.86470306,
    "Mountain Adventure": 103777366.6922743,
    "Boxing": 127386597.96305555,
    "Baseball": 74355657.50318287,
    "Prison Drama": 113172233.84305555,
    "Holiday": 130846679.1464947,
    "Tragic Romance": 133066722.12305558,
    "Sea Adventure": 325756236.72646606,
    "Whodunnit": 131481804.53844246,
    "Conspiracy Thriller": 95202787.72305556,
    "Splatter Horror": 71969222.81063034,
    "Vampire Horror": 109109362.21454678,
    "Soccer": 108843999.08969907,
    "One-Person Army Action": 115313443.1736111,
    "Teen Comedy": 95892063.58861716,
    "Artificial Intelligence": 131723123.95601854,
    "Cyber Thriller": 96701888.15972222,
    "Cyberpunk": 121791032.05979937,
    "Political Drama": 110444540.20953065,
    "B-Horror": 82265150.6297743,
    "Slasher Horror": 83368774.10608238,
    "Water Sport": 85736616.1297743,
    "Holiday Comedy": 162563139.3172743,
    "Holiday Romance": 125097010.80509259,
    "Football": 101307315.62818287,
    "Financial Drama": 94987704.31356837,
    "Body Swap Comedy": 177231506.27175924,
    "Psychological Thriller": 116623294.1346065,
    "Classical Western": 77023759.5047743,
    "Time Travel": 197355930.1567842,
    "Mockumentary": 106715443.77510683,
    "Caper": 110447061.86078042,
    "Raunchy Comedy": 200643508.65381944,
    "Anime": 91365034.10987103,
    "Drug Crime": 112207898.47770467,
    "Military Documentary": 111995685.92895299,
    "Political Documentary": 106606114.71974206,
    "Faith & Spirituality Documentary": 101240003.33969907,
    "Nature Documentary": 101226748.08969907,
    "Bumbling Detective": 130242327.08279914,
    "Police Procedural": 91934174.81063034,
    "Medical Drama": 103425546.71974206,
    "Extreme Sport": 73740692.00402047,
    "Motorsport": 170349366.04484954,
    "Concert": 104994999.80509259,
    "Music Documentary": 88397392.86259921,
    "Crime Documentary": 68111038.39313272,
    "Political Thriller": 122501183.95138888,
    "Iyashikei": 111109881.55239898,
    "Kung Fu": 152079760.33969906,
    "Disaster": 187017780.3369709,
    "Food Documentary": 102706611.4230324,
    "News": 55304907.73074495,
    "Classic Musical": 83547497.68823099,
    "Holiday Animation": 119964132.64330807,
    "Holiday Family": 144428214.87175927,
    "Gun Fu": 257151922.20509258,
    "Legal Drama": 94844127.04305555,
    "Travel Documentary": 110286537.82512626,
    "Werewolf Horror": 113268689.82512626,
    "Found Footage Horror": 110889801.77510683,
    "Slice of Life": 122623752.3705808,
    "Spaghetti Western": 83839669.13842592,
    "Erotic Thriller": 144409181.688231,
    "Giallo": 112251185.82512626,
    "Talk Show": 110318697.27967171,
    "Spy": 189335463.60381943,
    "Sketch Comedy": 104869001.9230324,
    "Stoner Comedy": 105369061.58969907,
    "Shōnen": 103228800.83969907,
    "Mecha": 112067846.09785353,
    "History Documentary": 104067165.08969907,
    "Korean Drama": 104641061.1730324,
    "Science & Technology Documentary": 110187463.73421717,
    "B-Action": 103990350.00636573,
    "Screwball Comedy": 101003004.1730324,
    "Cozy Mystery": 128165278.25636573,
    "Isekai": 135842241.09785354,
    "Samurai": 110543480.91603535
}